Unnamed: 0,Player,Link,Player_id,Player_name,Nationality,Position,club
0,﻿Rubén Castro,/en/players/d109f62b/Ruben-Castro,d109f62b,Ruben-Castro,es ESP,"FW,MF",Huesca
1,Juanjo Camacho,/en/players/1a1609ab/Juanjo-Camacho,1a1609ab,Juanjo-Camacho,es ESP,MF,Huesca
2,Chechu,/en/players/e98f3a6a/Chechu,98f3a6a,Chechu,es ESP,DF,Huesca
3,Eduardo Navarro,/en/players/f5caacf3/Eduardo-Navarro,f5caacf3,Eduardo-Navarro,es ESP,GK,Huesca
4,Luis Helguera,/en/players/873ff2a7/Luis-Helguera,873ff2a7,Luis-Helgu,es ESP,MF,Huesca
5,Roberto,/en/players/ce05814a/Roberto,ce05814a,Roberto,es ESP,FW,Huesca
6,Lluís Sastre,/en/players/5f186f5c/Lluis-Sastre,5f186f5c,Lluis-Sast,es ESP,MF,Huesca
7,Sebastián Corona,/en/players/d2aedc78/Sebastian-Corona,d2aedc78,Sebastian-Coro,es ESP,DF,Huesca
8,José Luis Vegar,/en/players/e7c93953/Jose-Luis-Vegar,7c93953,Jose-Luis-Veg,es ESP,MF,Huesca
9,Roberto García,/en/players/b6f452bf/Roberto-Garcia,b6f452bf,Roberto-Garci,es ESP,"DF,MF",Huesca
10,Francisco Borrego,/en/players/6756842c/Francisco-Borrego,6756842c,Francisco-Borrego,es ESP,DF,Huesca
11,Adrián Ripa,/en/players/c5a2ecfa/Adrian-Ripa,c5a2ecfa,Adrian-Ri,es ESP,DF,Huesca
12,Jonan García,/en/players/f569bf02/Jonan-Garcia,f569bf02,Jonan-Garci,es ESP,MF,Huesca
13,Baltasar Rigo,/en/players/b80570db/Baltasar-Rigo,b80570db,Baltasar-Rigo,es ESP,DF,Huesca
14,Edu Roldán,/en/players/13122bd9/Edu-Roldan,13122bd9,Edu-Rold,es ESP,MF,Huesca
15,Julián Vara,/en/players/5c92e249/Julian-Vara,5c92e249,Julian-V,es ESP,"DF,FW",Huesca
16,Jon Erice,/en/players/39da8b1f/Jon-Erice,39da8b1f,Jon-Eric,es ESP,MF,Huesca
17,Nicolás Medina,/en/players/aeada259/Nicolas-Medina,da259,Nicolas-Medi,ar ARG,MF,Huesca
18,Miguel Martínez,/en/players/29d6d13c/Miguel-Martinez,29d6d13c,Miguel-Martinez,es ESP,GK,Huesca
19,Joaquín Sorribas,/en/players/d3b37f79/Joaquin-Sorribas,d3b37f79,Joaquin-Sorrib,es ESP,MF,Huesca
20,Ramón,/en/players/7dcc13bf/Ramon,7dcc13bf,Ramo,es ESP,MF,Huesca
22,Jokin Esparza,/en/players/04db7b72/Jokin-Esparza,04db7b72,Jokin-Esparz,es ESP,"FW,MF",Huesca
23,Lalo Arantegui,/en/players/22d91311/Lalo-Arantegui,22d91311,Lalo-Arantegui,es ESP,MF,Huesca
24,Felipe Manoel,/en/players/80af5ae3/Felipe-Manoel,80af5ae3,Felipe-Mano,br BRA,MF,Huesca
25,Valentino Fiévet,/en/players/83eb683e/Valentino-Fievet,83eb683e,Valentino-Fievet,es ESP,FW,Huesca
26,Mikel Rico,/en/players/def69cd0/Mikel-Rico,def69cd0,Mikel-Rico,es ESP,MF,Huesca
27,Toni Doblas,/en/players/d5c35223/Toni-Doblas,d5c35223,Toni-Dob,es ESP,GK,Huesca
28,Moisés,/en/players/e3415193/Moises,3415193,Moi,es ESP,FW,Huesca
29,Juanma,/en/players/396b863a/Juanma,396b863a,Juanm,es ESP,DF,Huesca
30,Iriome González,/en/players/6e19f4fb/Iriome-Gonzalez,6e19f4fb,Iriome-Gonzalez,es ESP,MF,Huesca
31,Borja Rubiato,/en/players/2195307f/Borja-Rubiato,2195307f,Borja-Rubiato,es ESP,FW,Huesca
32,Ion Echaide,/en/players/2ad367bb/Ion-Echaide,2ad367bb,Ion-Echaid,es ESP,DF,Huesca
33,Víctor Pérez,/en/players/5918a484/Victor-Perez,5918a484,Victor-Perez,es ESP,MF,Huesca
34,Neru,/en/players/1c8dd214/Neru,1c8dd214,Neru,es ESP,DF,Huesca
35,Francisco Gallardo,/en/players/be80c87c/Francisco-Gallardo,be80c87c,Francisco-Gallardo,es ESP,MF,Huesca
36,Rodrigo Silva,/en/players/9d5bd6d4/Rodrigo-Silva,9d5bd6d4,Rodrigo-Silv,br BRA,FW,Huesca
37,Reinaldo Alagoano,/en/players/fb1a3b36/Reinaldo-Alagoano,fb1a3b36,Reinaldo-Alagoano,br BRA,FW,Huesca
38,Vicente Pascual,/en/players/41ee1744/Vicente-Pascual,41ee1744,Vicente-Pascu,es ESP,MF,Huesca
39,Daniel Mustafá,/en/players/9381b3e0/Daniel-Mustafa,9381b3e0,Daniel-Mustaf,ps PLE,DF,Huesca
40,Jorge Larrosa,/en/players/8f803ed4/Jorge-Larrosa,8f803ed4,Jorge-Larro,es ESP,GK,Huesca
41,Francisco Molinero,/en/players/2cea96ce/Francisco-Molinero,2cea96ce,Francisco-Molinero,es ESP,DF,Huesca
42,Andrés Fernández,/en/players/307fcd26/Andres-Fernandez,307fcd26,Andres-Fernandez,es ESP,GK,Huesca
43,Gilvan Gomes,/en/players/6e71e066/Gilvan-Gomes,6e71e066,Gilvan-Gom,br BRA,MF,Huesca
44,Alberto Marcos Rey,/en/players/7fd2179f/Alberto-Marcos-Rey,7fd2179f,Alberto-Marcos-R,es ESP,DF,Huesca
45,David Bauzá,/en/players/8969dfa6/David-Bauza,8969dfa6,David-Bauz,es ESP,MF,Huesca
46,Tariq Spezie,/en/players/79c7a874/Tariq-Spezie,79c7a874,Tariq-Spezi,es ESP,FW,Huesca
47,Juan Cruz Ochoa,/en/players/301ff22a/Juan-Cruz-Ochoa,301ff22a,Juan-Cruz-Ocho,es ESP,DF,Huesca
48,Jesús Cabrero,/en/players/d5e95d46/Jesus-Cabrero,d5e95d46,Jesus-Cabrero,es ESP,GK,Huesca
49,Toni Dovale,/en/players/d4b9adcf/Toni-Dovale,d4b9adcf,Toni-Dov,es ESP,"DF,MF",Huesca
50,Iñigo Pérez,/en/players/bc61cc65/Inigo-Perez,bc61cc65,Inigo-Perez,es ESP,MF,Huesca
51,Marco Navas,/en/players/194ed492/Marco-Navas,194ed492,Marco-Nav,es ESP,MF,Huesca
52,Óscar Vega Salinas,/en/players/00050058/Oscar-Vega-Salinas,00050058,Oscar-Vega-Sali,es ESP,FW,Huesca
53,Luis García,/en/players/a716e5a4/Luis-Garcia,716e5a4,Luis-Garci,es ESP,GK,Huesca
54,Rafael Clavero,/en/players/1590d66a/Rafael-Clavero,1590d66a,Rafael-Clavero,es ESP,DF,Huesca
55,Rafel Sastre,/en/players/477fc284/Rafel-Sastre,477fc284,Rafel-Sast,es ESP,DF,Huesca
56,Josetxo,/en/players/c1a297b4/Josetxo,c1a297b4,Josetxo,es ESP,DF,Huesca
57,Omar Ramos,/en/players/0657888a/Omar-Ramos,0657888a,Omar-Ramo,es ESP,"FW,MF",Huesca
58,José Antonio Llamas,/en/players/57012fb5/Jose-Antonio-Llamas,57012fb5,Jose-Antonio-Llam,es ESP,DF,Huesca
59,Antonio Núñez,/en/players/df89070b/Antonio-Nunez,df89070b,Antonio-Nunez,es ESP,MF,Huesca
60,Mario Rosas,/en/players/81718397/Mario-Rosas,81718397,Mario-Ro,es ESP,MF,Huesca
61,David Rivas,/en/players/56da6c6e/David-Rivas,56da6c6e,David-Riv,es ESP,DF,Huesca
62,Jorge Larena,/en/players/3de25195/Jorge-Larena,3de25195,Jorge-L,es ESP,MF,Huesca
63,Manu Molina,/en/players/4a541583/Manu-Molina,4a541583,Manu-Moli,es ESP,MF,Huesca
64,Javi Martínez,/en/players/59359d6b/Javi-Martinez,59359d6b,Javi-Martinez,es ESP,MF,Huesca
65,Toni,/en/players/248cc93a/Toni,248cc93a,Toni,es ESP,DF,Huesca
66,Bernardo Domínguez,/en/players/15394beb/Bernardo-Dominguez,15394beb,Bernardo-Dominguez,es ESP,GK,Huesca
67,Carlos Lázaro,/en/players/785894a8/Carlos-Lazaro,785894a8,Carlos-Lazaro,es ESP,MF,Huesca
68,Rubén Garcés,/en/players/4d2129de/Ruben-Garces,4d2129de,Ruben-Garc,es ESP,DF,Huesca
69,Ekhi Senar,/en/players/07939240/Ekhi-Senar,07939240,Ekhi-S,es ESP,DF,Huesca
70,David López,/en/players/f03f284b/David-Lopez,f03f284b,David-Lopez,es ESP,"DF,MF",Huesca
71,Carlos Diogo,/en/players/8da138d9/Carlos-Diogo,8da138d9,Carlos-Diogo,uy URU,"DF,MF",Huesca
72,Nacho Novo,/en/players/8391cd3f/Nacho-Novo,8391cd3f,Nacho-Novo,es ESP,FW,Huesca
73,Borja Bastón,/en/players/8c44e37b/Borja-Baston,8c44e37b,Borja-Basto,es ESP,FW,Huesca
74,Daniel Pacheco,/en/players/5b2a4b8d/Daniel-Pacheco,5b2a4b8d,Daniel-Pacheco,es ESP,"FW,MF",Huesca
75,Álex Pérez,/en/players/8dac6f70/Alex-Perez,8dac6f70,Alex-Perez,es ESP,DF,Huesca
76,Sergio Díaz,/en/players/22afdb1b/Sergio-Diaz,22afdb1b,Sergio-Diaz,es ESP,DF,Huesca
77,Xavi Annunziata,/en/players/e146dbda/Xavi-Annunziata,146dbda,Xavi-Annunziat,es ESP,"FW,MF",Huesca
78,Miguel Alberto García Díaz,/en/players/57ecb2b9/Miguel-Alberto-Garcia-Diaz,57ecb2b9,Miguel-Alberto-Garcia-Diaz,es ESP,MF,Huesca
79,Juan Carlos,/en/players/82803509/Juan-Carlos,82803509,Juan-Carlo,es ESP,"FW,MF",Huesca
80,Marc Martínez,/en/players/7c4764d7/Marc-Martinez,7c4764d7,Marc-Martinez,es ESP,MF,Huesca
81,David Vázquez,/en/players/deb0ccb5/David-Vazquez,deb0ccb5,David-Vazquez,es ESP,MF,Huesca
82,﻿Dani Jiménez,/en/players/e4365d4a/Dani-Jimenez,4365d4a,Dani-Jimenez,es ESP,GK,Huesca
83,Carlos David,/en/players/f4dae7af/Carlos-David,f4dae7af,Carlos-David,es ESP,DF,Huesca
84,David Morillas,/en/players/9605a60a/David-Morillas,9605a60a,David-Mori,es ESP,DF,Huesca
85,Guillem,/en/players/560cedf7/Guillem,560cedf7,Guillem,es ESP,FW,Huesca
86,Manuel,/en/players/b43437c4/Manuel,b43437c4,Manu,es ESP,MF,Huesca
87,Francesco Scardina,/en/players/61c18f85/Francesco-Scardina,61c18f85,Francesco-Scardi,it ITA,DF,Huesca
88,Antonio Pérez,/en/players/da1f9e36/Antonio-Perez,da1f9e36,Antonio-Perez,es ESP,DF,Huesca
89,Josan,/en/players/5b28b2f6/Josan,5b28b2f6,Jo,es ESP,"DF,MF",Huesca
90,Javi Cabezas,/en/players/18fce040/Javi-Cabezas,18fce040,Javi-Cabez,es ESP,MF,Huesca
91,Álex Bernal,/en/players/288f8c08/Alex-Bernal,288f8c08,Alex-B,es ESP,MF,Huesca
92,Saihou Gassama,/en/players/6f4eed35/Saihou-Gassama,6f4eed35,Saihou-Gassam,gm GAM,MF,Huesca
93,Tyronne,/en/players/f76bbf9c/Tyronne,f76bbf9c,Tyro,es ESP,"FW,MF",Huesca
94,Chus Sosa,/en/players/65f98aa6/Chus-Sosa,65f98aa6,Chus-So,es ESP,MF,Huesca
95,José Gaspar,/en/players/921af048/Jose-Gaspar,921af048,Jose-G,es ESP,MF,Huesca
96,Iñigo Ros,/en/players/bc278eb1/Inigo-Ros,bc278eb1,Inigo-Ro,es ESP,MF,Huesca
97,Juan Esnáider Ruiz,/en/players/11894e8c/Juan-Esnaider-Ruiz,11894e8c,Juan-Esnaider-Ruiz,es ESP,FW,Huesca
98,Álex,/en/players/3b8a3d32/Alex,3b8a3d32,Alex,es ESP,DF,Huesca
99,Lucas Elbaile,/en/players/490b6af7/Lucas-Elbaile,490b6af7,Lucas-Elbai,es ESP,MF,Huesca
100,Gaspar,/en/players/75e5329b/Gaspar,75e5329b,G,es ESP,DF,Huesca
101,Ramón Murillo,/en/players/6fe43a38/Ramon-Murillo,6fe43a38,Ramon-Murillo,es ESP,MF,Huesca
102,Aitor Chueca,/en/players/c917b367/Aitor-Chueca,c917b367,Aitor-Chuec,es ESP,GK,Huesca
103,Darwin Machís,/en/players/ed6ea4d9/Darwin-Machis,d6ea4d9,Darwin-Machi,ve VEN,"FW,MF",Huesca
104,Fran Mérida,/en/players/0e50f929/Fran-Merida,0e50f929,Fran-Merid,es ESP,MF,Huesca
105,Íñigo López,/en/players/8c61ca86/Inigo-Lopez,8c61ca86,Inigo-Lopez,es ESP,DF,Huesca
106,Christian,/en/players/1d5a68fe/Christian,1d5a68fe,Christi,es ESP,DF,Huesca
107,Leo Franco,/en/players/c39a5c6b/Leo-Franco,c39a5c6b,Leo-Franco,ar ARG,GK,Huesca
108,Franck-Yves Bambock,/en/players/7240e475/Franck-Yves-Bambock,7240e475,Franck-Yves-Bambock,fr FRA,MF,Huesca
109,Luis Fernández,/en/players/63b1f7df/Luis-Fernandez,63b1f7df,Luis-Fernandez,es ESP,"FW,MF",Huesca
110,Óscar Ramírez,/en/players/45cd22ae/Oscar-Ramirez,45cd22ae,Oscar-Ramirez,es ESP,DF,Huesca
111,Mikel Arruabarrena,/en/players/ad0c4ebb/Mikel-Arruabarrena,d0c4ebb,Mikel-Arruab,es ESP,FW,Huesca
112,Óscar Whalley,/en/players/3d763902/Oscar-Whalley,3d763902,Oscar-Wh,es ESP,GK,Huesca
113,Alexander González,/en/players/f3a39fdd/Alexander-Gonzalez,f3a39fdd,Alexander-Gonzalez,ve VEN,"DF,MF",Huesca
114,Nagore,/en/players/86eeca16/Nagore,86eeca16,Nago,es ESP,DF,Huesca
115,Samuel Sáiz,/en/players/13e0eb29/Samuel-Saiz,13e0eb29,Samuel-Saiz,es ESP,"FW,MF",Huesca
116,Aythami Álvarez,/en/players/3bf6578a/Aythami-Alvarez,3bf6578a,Aythami-Alvarez,es ESP,DF,Huesca
117,Juan Aguilera,/en/players/18dc8533/Juan-Aguilera,18dc8533,Juan-Agui,es ESP,MF,Huesca
118,Jesús Valentín,/en/players/2594ee7d/Jesus-Valentin,2594ee7d,Jesus-Valenti,es ESP,DF,Huesca
119,David Mainz,/en/players/d4498ac2/David-Mainz,d4498ac2,David-Mainz,es ESP,FW,Huesca
120,Jonathan Moya,/en/players/3f464d48/Jonathan-Moya,3f464d48,Jonathan-Mo,cr CRC,FW,Huesca
121,Héctor Figueroa,/en/players/b73db047/Hector-Figueroa,b73db047,Hector-Figuero,es ESP,FW,Huesca
122,Carlos Calvo,/en/players/a444d33f/Carlos-Calvo,444d33f,Carlos-Calvo,es ESP,MF,Huesca
123,Aly Coulibaly,/en/players/415290df/Aly-Coulibaly,415290df,Aly-Coulib,fr FRA,MF,Huesca
124,Mika,/en/players/00b61f8e/Mika,00b61f8e,Mik,es ESP,FW,Huesca
125,Carlos Casero,/en/players/b4822e6b/Carlos-Casero,b4822e6b,Carlos-Casero,es ESP,DF,Huesca
127,﻿Sergio Herrera,/en/players/a4995f48/Sergio-Herrera,4995f48,Sergio-H,es ESP,GK,Huesca
128,Gonzalo Melero,/en/players/3902e91b/Gonzalo-Melero,3902e91b,Gonzalo-Melero,es ESP,MF,Huesca
129,David Ferreiro,/en/players/8970907e/David-Ferreiro,8970907e,David-Ferreiro,es ESP,MF,Huesca
130,Jair Amador,/en/players/82b27ccb/Jair-Amador,82b27ccb,Jair-Amado,gq EQG,DF,Huesca
131,Borja Lázaro,/en/players/877476f8/Borja-Lazaro,877476f8,Borja-Lazaro,es ESP,FW,Huesca
132,Carlos Akapo,/en/players/f2a68b97/Carlos-Akapo,f2a68b97,Carlos-Akapo,gq EQG,DF,Huesca
133,César Soriano,/en/players/0e41fc77/Cesar-Soriano,0e41fc77,Cesar-Soriano,es ESP,DF,Huesca
134,Álvaro Vadillo,/en/players/61b62b33/Alvaro-Vadillo,61b62b33,Alvaro-Vadillo,es ESP,MF,Huesca
135,Vinícius Araújo,/en/players/5d6b9376/Vinicius-Araujo,5d6b9376,Vinicius-Araujo,br BRA,FW,Huesca
136,David López,/en/players/a698164e/David-Lopez,698164e,David-Lopez,es ESP,MF,Huesca
137,Urko Vera,/en/players/d8cf0115/Urko-Vera,d8cf0115,Urko-V,es ESP,FW,Huesca
138,Kilian Grant,/en/players/744e8a52/Kilian-Grant,744e8a52,Kilian-Grant,es ESP,DF,Huesca
139,Queco Piña,/en/players/ecf25896/Queco-Pina,cf25896,Queco-Pi,es ESP,GK,Huesca
140,Boris Cmiljanić,/en/players/2d1c5796/Boris-Cmiljanic,2d1c5796,Boris-Cmiljanic,me MNE,FW,Huesca
141,Javito,/en/players/2276f5be/Javito,2276f5be,Javito,es ESP,"DF,MF",Huesca
142,Agus Alonso,/en/players/5788870f/Agus-Alonso,5788870f,Agus-Alonso,es ESP,FW,Huesca
143,Jorge Conte,/en/players/acc86643/Jorge-Conte,cc86643,Jorge-Cont,es ESP,FW,Huesca
144,Dieste,/en/players/08e3f8fe/Dieste,08e3f8fe,Diest,es ESP,FW,Huesca
145,Gonzo,/en/players/cfe88a3c/Gonzo,cfe88a3c,Gonzo,es ESP,GK,Huesca
146,Javi Jiménez,/en/players/9fe99e45/Javi-Jimenez,9fe99e45,Javi-Jimenez,es ESP,GK,Huesca
147,Álex Remiro,/en/players/374ee424/Alex-Remiro,374ee424,Alex-Remiro,es ESP,GK,Huesca
148,Jorge Pulido,/en/players/978cd030/Jorge-Pulido,978cd030,Jorge-Pulido,es ESP,DF,Huesca
149,Cucho,/en/players/71b47ab9/Cucho,71b47ab9,Cucho,co COL,"FW,MF",Huesca
150,Rajko Brežančić,/en/players/1519a888/Rajko-Brezancic,1519a888,Rajko-Brezancic,rs SRB,DF,Huesca
151,Ezequiel Ávila,/en/players/253a06b9/Ezequiel-Avila,253a06b9,Ezequiel-Avi,ar ARG,"FW,MF",Huesca
152,Álex Gallar,/en/players/36d5469c/Alex-Gallar,36d5469c,Alex-G,es ESP,MF,Huesca
153,Moi Gómez,/en/players/5a626448/Moi-Gomez,5a626448,Moi-Gomez,es ESP,MF,Huesca
154,Luso,/en/players/9cd41fda/Luso,9cd41fda,Luso,es ESP,"MF,DF",Huesca
155,Rulo Prieto,/en/players/93ab8e3b/Rulo-Prieto,93ab8e3b,Rulo-Prieto,es ESP,DF,Huesca
156,Roberto Santamaría,/en/players/bca21ef3/Roberto-Santamaria,bca21ef3,Roberto-Santamari,es ESP,GK,Huesca
157,Ander Bardají,/en/players/73687f30/Ander-Bardaji,73687f30,Ander-Bardaji,es ESP,GK,Huesca
158,Gabriel Lorente,/en/players/d5e2cf66/Gabriel-Lorente,d5e2cf66,Gabriel-Lorent,es ESP,MF,Huesca
159,Antonio Valera,/en/players/8b7b6775/Antonio-Valera,8b7b6775,Antonio-V,es ESP,GK,Huesca
160,Xabier Etxeita,/en/players/4a895384/Xabier-Etxeita,4a895384,Xabier-Etxeit,es ESP,DF,Huesca
161,Jorge Miramón,/en/players/7f4c7c9f/Jorge-Miramon,7f4c7c9f,Jorge-Miramo,es ESP,DF,Huesca
162,Damián Musto,/en/players/74e0a984/Damian-Musto,74e0a984,Damian-Musto,ar ARG,"MF,DF",Huesca
163,Cristian Rivera,/en/players/8ef81d2d/Cristian-Rivera,8ef81d2d,Cristian-Riv,es ESP,MF,Huesca
164,Enric Gallego,/en/players/82e9b89d/Enric-Gallego,82e9b89d,Enric-Gallego,es ESP,FW,Huesca
165,Javi Galán,/en/players/a4b00319/Javi-Galan,4b00319,Javi-G,es ESP,"DF,FW",Huesca
166,Yangel Herrera,/en/players/e778654a/Yangel-Herrera,778654a,Yangel-H,ve VEN,"MF,DF",Huesca
167,Aleksandar Jovanović,/en/players/129dd8e7/Aleksandar-Jovanovic,129dd8e7,Aleksandar-Jovanovic,rs SRB,GK,Huesca
168,Pablo Insua,/en/players/4b5e7e90/Pablo-Insua,4b5e7e90,Pablo-Insu,es ESP,DF,Huesca
169,Rúben Semedo,/en/players/c904f3d5/Ruben-Semedo,c904f3d5,Ruben-Semedo,pt POR,DF,Huesca
170,Adrián Diéguez,/en/players/70438d35/Adrian-Dieguez,70438d35,Adrian-Dieguez,es ESP,DF,Huesca
171,Juanpi,/en/players/d79afcfc/Juanpi,d79afcfc,Juanpi,ve VEN,"MF,FW",Huesca
172,Martín Mantovani,/en/players/4ffb647d/Martin-Mantovani,4ffb647d,Martin-Mantovani,ar ARG,DF,Huesca
173,Samuele Longo,/en/players/1163de29/Samuele-Longo,1163de29,Samuele-Longo,it ITA,FW,Huesca
174,Axel Werner,/en/players/c0b1a6da/Axel-Werner,c0b1a6da,Axel-W,ar ARG,GK,Huesca
175,Luisinho,/en/players/a7f00c8c/Luisinho,7f00c8c,Luisinho,pt POR,DF,Huesca
176,Serdar Gürler,/en/players/8d2ad5c0/Serdar-Gurler,8d2ad5c0,Serdar-Gu,tr TUR,MF,Huesca
177,Jose Uche,/en/players/b048580f/Jose-Uche,b048580f,Jose-Uch,es ESP,MF,Huesca
178,Pedro Mosquera,/en/players/c5fa58ea/Pedro-Mosquera,c5fa58ea,Pedro-Mosqu,es ESP,MF,Huesca
179,Álvaro Fernández,/en/players/f127d782/Alvaro-Fernandez,f127d782,Alvaro-Fernandez,es ESP,GK,Huesca
180,Shinji Okazaki,/en/players/68796d61/Shinji-Okazaki,68796d61,Shinji-Okazaki,jp JPN,FW,Huesca
181,Miguel Juan Llambrich,/en/players/d83f09ff/Miguel-Juan-Llambrich,d83f09ff,Miguel-Juan-Llambrich,es ESP,DF,Huesca
182,Josué Sá,/en/players/a72c139d/Josue-Sa,72c139d,Josue-S,pt POR,DF,Huesca
183,Dani Raba,/en/players/ea6a7ab4/Dani-Raba,6a7ab4,Dani-Rab,es ESP,"FW,MF",Huesca
184,Sergio Gómez,/en/players/01e5f06e/Sergio-Gomez,01e5f06e,Sergio-Gomez,es ESP,"MF,FW",Huesca
185,Eugeni Valderrama,/en/players/a75b4071/Eugeni-Valderrama,75b4071,Eugeni-Valderram,es ESP,MF,Huesca
186,Pedro López Muñoz,/en/players/a60823a4/Pedro-Lopez-Munoz,60823a4,Pedro-Lopez-Munoz,es ESP,DF,Huesca
187,Cristo González,/en/players/896b5df2/Cristo-Gonzalez,896b5df2,Cristo-Gonzalez,es ESP,"MF,FW",Huesca
188,Toni Datković,/en/players/0893e14b/Toni-Datkovic,0893e14b,Toni-Datkovic,hr CRO,DF,Huesca
189,Rafa Mir,/en/players/bbf5c11b/Rafa-Mir,bbf5c11b,Rafa-Mi,es ESP,"FW,MF",Huesca
190,Dani Escriche,/en/players/5a36f180/Dani-Escriche,5a36f180,Dani-Escrich,es ESP,FW,Huesca
191,Rubén Yáñez,/en/players/039ae103/Ruben-Yanez,039ae103,Ruben-Yanez,es ESP,GK,Huesca
192,Kike Hermoso,/en/players/dea912dc/Kike-Hermoso,dea912dc,Kike-Hermoso,es ESP,DF,Huesca
193,Jordi Mboula,/en/players/4887118d/Jordi-Mboula,4887118d,Jordi-Mbou,es ESP,FW,Huesca
194,Cheick Doukouré,/en/players/e208bcc8/Cheick-Doukoure,208bcc8,Cheick-Doukou,ci CIV,MF,Huesca
195,Ivi,/en/players/d2fa73e7/Ivi,d2fa73e7,Ivi,es ESP,FW,Huesca
196,Kelechi Nwakali,/en/players/877f31c2/Kelechi-Nwakali,877f31c2,Kelechi-Nwakali,ng NGA,MF,Huesca
197,Jaime Seoane,/en/players/a62b4888/Jaime-Seoane,62b4888,Jaime-Seo,es ESP,MF,Huesca
198,Joaquín Muñoz,/en/players/e9fbcc21/Joaquin-Munoz,9fbcc21,Joaquin-Munoz,es ESP,MF,Huesca
199,Kevin Omoruyi,/en/players/4e446d39/Kevin-Omoruyi,4e446d39,Kevin-Omoruyi,bt BHU,DF,Huesca
200,Juan Peñaloza,/en/players/96b82656/Juan-Penaloza,96b82656,Juan-Penaloz,co COL,MF,Huesca
201,﻿Dimitris Siovas,/en/players/92d38e6c/Dimitris-Siovas,92d38e6c,Dimitris-Siov,gr GRE,DF,Huesca
202,Pablo Maffeo,/en/players/5db04597/Pablo-Maffeo,5db04597,Pablo-Maffeo,es ESP,DF,Huesca
203,Sandro Ramírez,/en/players/833fb62e/Sandro-Ramirez,833fb62e,Sandro-Ramirez,es ESP,"FW,MF",Huesca
204,Borja García,/en/players/e7f4603c/Borja-Garcia,7f4603c,Borja-Garci,es ESP,"MF,FW",Huesca
205,Javier Ontiveros,/en/players/a83d8b0c/Javier-Ontiveros,83d8b0c,Javier-Ontivero,es ESP,"FW,MF",Huesca
206,Denis Vavro,/en/players/08990838/Denis-Vavro,08990838,Denis-Vavro,sk SVK,DF,Huesca
207,Gastón Silva,/en/players/47d493c3/Gaston-Silva,47d493c3,Gaston-Silv,uy URU,DF,Huesca
208,Javier Gasca,/en/players/7e7137c9/Javier-Gasca,7e7137c9,Javier-Gasc,es ESP,GK,Huesca
209,Marc Mateu,/en/players/ed90fc36/Marc-Mateu,d90fc36,Marc-Mateu,es ESP,"MF,DF",Huesca
210,Florian Miguel,/en/players/b66d1d8a/Florian-Miguel,b66d1d8a,Florian-Migu,fr FRA,DF,Huesca
211,Ignasi Miquel,/en/players/174f09a6/Ignasi-Miquel,174f09a6,Ignasi-Miqu,es ESP,DF,Huesca
212,Andrei Ratiu,/en/players/b1b99435/Andrei-Ratiu,b1b99435,Andrei-Ratiu,ro ROU,"DF,MF",Huesca
213,Cristian Salvador,/en/players/6b121593/Cristian-Salvador,6b121593,Cristian-Salvado,es ESP,"DF,MF",Huesca
214,David Timor,/en/players/174651c8/David-Timor,174651c8,David-Timo,es ESP,"MF,DF",Huesca
215,Julio Buffarini,/en/players/66d9f8ee/Julio-Buffarini,66d9f8ee,Julio-Buffarini,ar ARG,"DF,MF",Huesca
216,Adolfo Gaich,/en/players/8dfed6e9/Adolfo-Gaich,8dfed6e9,Adolfo-Gaich,ar ARG,FW,Huesca
217,Pablo Martínez,/en/players/ecc77652/Pablo-Martinez,cc77652,Pablo-Martinez,es ESP,"MF,FW",Huesca
218,Gerard Valentín,/en/players/9d4c3227/Gerard-Valentin,9d4c3227,Gerard-Valenti,es ESP,"MF,DF",Huesca
219,Darío Poveda,/en/players/cbdf7d5c/Dario-Poveda,cbdf7d5c,Dario-Poved,es ESP,FW,Huesca
220,Isidro Pitta,/en/players/e9fc7295/Isidro-Pitta,9fc7295,Isidro-Pitt,py PAR,FW,Huesca
221,Lago Junior,/en/players/360d70f8/Lago-Junior,360d70f8,Lago-Junio,ci CIV,MF,Huesca
222,Enzo Lombardo,/en/players/e063f5a2/Enzo-Lombardo,063f5a2,Enzo-Lombardo,fr FRA,MF,Huesca
223,Manuel Rico,/en/players/9a0fa401/Manuel-Rico,9a0fa401,Manuel-Rico,es ESP,FW,Huesca
224,Euse,/en/players/4aab1808/Euse,4aab1808,Eu,es ESP,DF,Huesca
225,Pablo Tomeo,/en/players/d47b67ed/Pablo-Tomeo,d47b67ed,Pablo-Tomeo,es ESP,MF,Huesca
227,Hugo Anglada,/en/players/cc3a680d/Hugo-Anglada,cc3a680d,Hugo-Anglad,es ESP,DF,Huesca
228,Esteban Aparicio,/en/players/3c428f1a/Esteban-Aparicio,3c428f1a,Esteban-Aparicio,es ESP,MF,Huesca
229,Roberto Barba,/en/players/96cf8442/Roberto-Barba,96cf8442,Roberto-Barb,es ESP,MF,Huesca
230,Gerard Barri,/en/players/2fadbf51/Gerard-Barri,2fadbf51,Gerard-Barri,es ESP,DF,Huesca
231,Alberto Fuentes,/en/players/ff5d5971/Alberto-Fuentes,ff5d5971,Alberto-Fuent,es ESP,MF,Huesca
232,Tiago Martins,/en/players/4fcc435d/Tiago-Martins,4fcc435d,Tiago-Marti,pt POR,GK,Huesca
233,San Román,/en/players/f08ccd2d/San-Roman,f08ccd2d,San-Rom,es ESP,GK,Huesca
