Id,Player,Nationality,Position,Game,Games Starts,Assists,Goals,season,Link,Player_id,Club,Minutes,Minutes 90s,Yellow Card,Red Card,Club_Id,Nationality_Id,Player_Id_DB,club
,﻿Grégory Wimbée,fr FRA,GK,37,37,0.0,0.0,2008-2009,/en/players/c6e3ff84/Gregory-Wimbee,c6e3ff84,Grenoble-Foot,"3,330",37.0,2.0,0.0,107,4.0,13081,Grenoble-Foot
,Alaixys Romao,tg TOG,"DF,MF",37,37,0.0,0.0,2008-2009,/en/players/0aa874f4/Alaixys-Romao,0aa874f4,Grenoble-Foot,"3,268",36.3,7.0,0.0,107,109.0,11582,Grenoble-Foot
,Laurent Batlles,fr FRA,MF,36,35,4.0,0.0,2008-2009,/en/players/3cd2fd3b/Laurent-Batlles,3cd2fd3b,Grenoble-Foot,"3,079",34.2,8.0,1.0,107,4.0,11529,Grenoble-Foot
,Martial Robin,fr FRA,"DF,MF",30,30,0.0,0.0,2008-2009,/en/players/3e5cf6c4/Martial-Robin,3e5cf6c4,Grenoble-Foot,"2,699",30.0,5.0,1.0,107,4.0,13383,Grenoble-Foot
,Daniel Moreira,fr FRA,FW,31,29,2.0,4.0,2008-2009,/en/players/ac788626/Daniel-Moreira,c788626,Grenoble-Foot,"2,328",25.9,3.0,0.0,107,4.0,12287,Grenoble-Foot
,Milivoje Vitakić,rs SRB,"DF,MF",26,25,0.0,0.0,2008-2009,/en/players/d04392c7/Milivoje-Vitakic,d04392c7,Grenoble-Foot,"2,198",24.4,6.0,0.0,107,28.0,13095,Grenoble-Foot
,Nassim Akrour,dz ALG,FW,37,24,2.0,6.0,2008-2009,/en/players/60c2472e/Nassim-Akrour,60c2472e,Grenoble-Foot,"2,272",25.2,0.0,0.0,107,37.0,13727,Grenoble-Foot
,Sofiane Feghouli,dz ALG,"FW,MF",26,23,3.0,0.0,2008-2009,/en/players/691f64f5/Sofiane-Feghouli,691f64f5,Grenoble-Foot,"1,818",20.2,6.0,0.0,107,37.0,938,Grenoble-Foot
,Laurent Courtois,fr FRA,MF,30,22,2.0,4.0,2008-2009,/en/players/fdd8f774/Laurent-Courtois,fdd8f774,Grenoble-Foot,"1,851",20.6,3.0,1.0,107,4.0,4122,Grenoble-Foot
,Maxence Flachez,fr FRA,DF,20,19,0.0,0.0,2008-2009,/en/players/854d0707/Maxence-Flachez,854d0707,Grenoble-Foot,"1,735",19.3,2.0,0.0,107,4.0,11785,Grenoble-Foot
,David Jemmali,tn TUN,DF,20,18,0.0,0.0,2008-2009,/en/players/e02e47b8/David-Jemmali,02e47b8,Grenoble-Foot,"1,552",17.2,3.0,0.0,107,46.0,11655,Grenoble-Foot
,Sandy Paillot,fr FRA,DF,17,17,0.0,4.0,2008-2009,/en/players/68d34b58/Sandy-Paillot,68d34b58,Grenoble-Foot,"1,521",16.9,2.0,0.0,107,4.0,11235,Grenoble-Foot
,Hoalid Regragui,ma MAR,"DF,MF",19,15,1.0,0.0,2008-2009,/en/players/654026a1/Hoalid-Regragui,654026a1,Grenoble-Foot,"1,433",15.9,4.0,0.0,107,26.0,2853,Grenoble-Foot
,Boštjan Cesar,si SVN,DF,15,15,0.0,2.0,2008-2009,/en/players/c1d18f10/Bostjan-Cesar,c1d18f10,Grenoble-Foot,"1,350",15.0,7.0,0.0,107,32.0,8580,Grenoble-Foot
,Pierre Boya,cm CMR,FW,15,12,1.0,1.0,2008-2009,/en/players/da7cdb67/Pierre-Boya,da7cdb67,Grenoble-Foot,941,10.5,0.0,0.0,107,36.0,14678,Grenoble-Foot
,Franck Dja Djédjé,ci CIV,"FW,MF",18,11,0.0,1.0,2008-2009,/en/players/59feef54/Franck-Dja-Djedje,59feef54,Grenoble-Foot,979,10.9,2.0,0.0,107,35.0,12672,Grenoble-Foot
,Jimmy Mainfroi,fr FRA,DF,9,9,0.0,0.0,2008-2009,/en/players/7532e202/Jimmy-Mainfroi,7532e202,Grenoble-Foot,755,8.4,0.0,0.0,107,4.0,13304,Grenoble-Foot
,Albert Baning,cm CMR,MF,19,8,0.0,1.0,2008-2009,/en/players/b54fdacd/Albert-Baning,b54fdacd,Grenoble-Foot,804,8.9,4.0,0.0,107,36.0,12776,Grenoble-Foot
,Elliot Grandin,fr FRA,"FW,MF",8,8,0.0,0.0,2008-2009,/en/players/ddbf3019/Elliot-Grandin,ddbf3019,Grenoble-Foot,579,6.4,0.0,0.0,107,4.0,10446,Grenoble-Foot
,Miloš Dimitrijević,rs SRB,MF,19,7,1.0,0.0,2008-2009,/en/players/df1ea4bb/Milos-Dimitrijevic,df1ea4bb,Grenoble-Foot,817,9.1,2.0,0.0,107,28.0,12490,Grenoble-Foot
,Bouchaib El Moubarki,ma MAR,FW,14,5,0.0,0.0,2008-2009,/en/players/6d713e8d/Bouchaib-El-Moubarki,6d713e8d,Grenoble-Foot,477,5.3,0.0,0.0,107,26.0,14679,Grenoble-Foot
,Larsen Touré,gn GUI,"FW,MF",14,4,1.0,1.0,2008-2009,/en/players/db30e7db/Larsen-Toure,db30e7db,Grenoble-Foot,653,7.3,1.0,1.0,107,74.0,13100,Grenoble-Foot
,Francis N'Ganga,cg CGO,"DF,MF",9,4,0.0,0.0,2008-2009,/en/players/1197bd10/Francis-NGanga,1197bd10,Grenoble-Foot,451,5.0,1.0,0.0,107,80.0,14680,Grenoble-Foot
,Yoric Ravet,fr FRA,"FW,MF",11,2,0.0,0.0,2008-2009,/en/players/4d74201d/Yoric-Ravet,4d74201d,Grenoble-Foot,298,3.3,1.0,0.0,107,4.0,14214,Grenoble-Foot
,Zoran Rendulić,rs SRB,DF,2,1,0.0,0.0,2008-2009,/en/players/eb24b349/Zoran-Rendulic,b24b349,Grenoble-Foot,151,1.7,0.0,0.0,107,28.0,14681,Grenoble-Foot
,Ronan Le Crom,fr FRA,GK,1,1,0.0,0.0,2008-2009,/en/players/5d1b9f5b/Ronan-Le-Crom,5d1b9f5b,Grenoble-Foot,90,1.0,0.0,0.0,107,4.0,12144,Grenoble-Foot
,Laurent Macquet,fr FRA,MF,5,0,0.0,0.0,2008-2009,/en/players/91e8a0cd/Laurent-Macquet,91e8a0cd,Grenoble-Foot,85,0.9,0.0,0.0,107,4.0,14685,Grenoble-Foot
,Biagui Kamissoko,fr FRA,"FW,MF",2,0,0.0,0.0,2008-2009,/en/players/033af879/Biagui-Kamissoko,033af879,Grenoble-Foot,29,0.3,0.0,0.0,107,4.0,14682,Grenoble-Foot
,Hristo Yanev,bg BUL,"FW,MF",2,0,0.0,0.0,2008-2009,/en/players/74323643/Hristo-Yanev,74323643,Grenoble-Foot,23,0.3,0.0,0.0,107,65.0,14683,Grenoble-Foot
,Mustafa Kučuković,de GER,FW,1,0,0.0,0.0,2008-2009,/en/players/9a9497e1/Mustafa-Kucukovic,9a9497e1,Grenoble-Foot,5,0.1,0.0,0.0,107,13.0,14684,Grenoble-Foot
,﻿Laurent Batlles,fr FRA,MF,34,33,0.0,2.0,2009-2010,/en/players/3cd2fd3b/Laurent-Batlles,3cd2fd3b,Grenoble-Foot,"2,745",30.5,7.0,0.0,107,4.0,11529,Grenoble-Foot
,Danijel Ljuboja,rs SRB,FW,34,30,2.0,10.0,2009-2010,/en/players/6352ab30/Danijel-Ljuboja,6352ab30,Grenoble-Foot,"2,620",29.1,1.0,0.0,107,28.0,12357,Grenoble-Foot
,Alaixys Romao,tg TOG,"DF,MF",29,29,2.0,0.0,2009-2010,/en/players/0aa874f4/Alaixys-Romao,0aa874f4,Grenoble-Foot,"2,582",28.7,10.0,0.0,107,109.0,11582,Grenoble-Foot
,Nicolas Dieuze,fr FRA,MF,32,27,1.0,4.0,2009-2010,/en/players/57992d1e/Nicolas-Dieuze,57992d1e,Grenoble-Foot,"2,412",26.8,5.0,0.0,107,4.0,12860,Grenoble-Foot
,Nassim Akrour,dz ALG,FW,38,26,2.0,6.0,2009-2010,/en/players/60c2472e/Nassim-Akrour,60c2472e,Grenoble-Foot,"2,596",28.8,0.0,0.0,107,37.0,13727,Grenoble-Foot
,David Sauget,fr FRA,DF,27,25,0.0,0.0,2009-2010,/en/players/139db2d0/David-Sauget,139db2d0,Grenoble-Foot,"2,248",25.0,1.0,0.0,107,4.0,11850,Grenoble-Foot
,Boštjan Cesar,si SVN,DF,25,25,0.0,0.0,2009-2010,/en/players/c1d18f10/Bostjan-Cesar,c1d18f10,Grenoble-Foot,"2,236",24.8,9.0,1.0,107,32.0,8580,Grenoble-Foot
,Daisuke Matsui,jp JPN,"FW,MF",29,25,4.0,4.0,2009-2010,/en/players/c178b2e0/Daisuke-Matsui,c178b2e0,Grenoble-Foot,"2,145",23.8,5.0,0.0,107,54.0,14117,Grenoble-Foot
,Laurent Courtois,fr FRA,MF,27,23,0.0,1.0,2009-2010,/en/players/fdd8f774/Laurent-Courtois,fdd8f774,Grenoble-Foot,"1,865",20.7,2.0,1.0,107,4.0,4122,Grenoble-Foot
,Jody Viviani,fr FRA,GK,21,21,0.0,0.0,2009-2010,/en/players/7d74fc84/Jody-Viviani,7d74fc84,Grenoble-Foot,"1,880",20.9,0.0,1.0,107,4.0,13298,Grenoble-Foot
,Jean Calvé,fr FRA,DF,24,20,1.0,0.0,2009-2010,/en/players/8111297a/Jean-Calve,8111297a,Grenoble-Foot,"1,853",20.6,2.0,0.0,107,4.0,9739,Grenoble-Foot
,Sandy Paillot,fr FRA,DF,16,16,0.0,0.0,2009-2010,/en/players/68d34b58/Sandy-Paillot,68d34b58,Grenoble-Foot,"1,354",15.0,2.0,0.0,107,4.0,11235,Grenoble-Foot
,Ronan Le Crom,fr FRA,GK,16,15,0.0,0.0,2009-2010,/en/players/5d1b9f5b/Ronan-Le-Crom,5d1b9f5b,Grenoble-Foot,"1,360",15.1,0.0,0.0,107,4.0,12144,Grenoble-Foot
,Martial Robin,fr FRA,"DF,MF",17,14,0.0,0.0,2009-2010,/en/players/3e5cf6c4/Martial-Robin,3e5cf6c4,Grenoble-Foot,"1,360",15.1,5.0,0.0,107,4.0,13383,Grenoble-Foot
,Milivoje Vitakić,rs SRB,"DF,MF",15,14,0.0,0.0,2009-2010,/en/players/d04392c7/Milivoje-Vitakic,d04392c7,Grenoble-Foot,"1,225",13.6,1.0,0.0,107,28.0,13095,Grenoble-Foot
,Jimmy Juan,fr FRA,MF,18,11,0.0,1.0,2009-2010,/en/players/d0447a50/Jimmy-Juan,d0447a50,Grenoble-Foot,985,10.9,5.0,1.0,107,4.0,11336,Grenoble-Foot
,Pierre Boya,cm CMR,FW,17,10,0.0,0.0,2009-2010,/en/players/da7cdb67/Pierre-Boya,da7cdb67,Grenoble-Foot,914,10.2,4.0,0.0,107,36.0,14678,Grenoble-Foot
,Jimmy Mainfroi,fr FRA,DF,14,10,0.0,0.0,2009-2010,/en/players/7532e202/Jimmy-Mainfroi,7532e202,Grenoble-Foot,901,10.0,3.0,0.0,107,4.0,13304,Grenoble-Foot
,David Jemmali,tn TUN,DF,8,8,0.0,0.0,2009-2010,/en/players/e02e47b8/David-Jemmali,02e47b8,Grenoble-Foot,604,6.7,1.0,2.0,107,46.0,11655,Grenoble-Foot
,Laurent Macquet,fr FRA,MF,7,6,0.0,0.0,2009-2010,/en/players/91e8a0cd/Laurent-Macquet,91e8a0cd,Grenoble-Foot,516,5.7,0.0,0.0,107,4.0,14685,Grenoble-Foot
,Josip Tadić,hr CRO,FW,14,6,1.0,0.0,2009-2010,/en/players/f0e9b3f2/Josip-Tadic,f0e9b3f2,Grenoble-Foot,499,5.5,1.0,0.0,107,16.0,14686,Grenoble-Foot
,Yoric Ravet,fr FRA,"FW,MF",16,5,1.0,2.0,2009-2010,/en/players/4d74201d/Yoric-Ravet,4d74201d,Grenoble-Foot,580,6.4,1.0,0.0,107,4.0,14214,Grenoble-Foot
,Zoran Rendulić,rs SRB,DF,9,5,0.0,0.0,2009-2010,/en/players/eb24b349/Zoran-Rendulic,b24b349,Grenoble-Foot,524,5.8,0.0,0.0,107,28.0,14681,Grenoble-Foot
,François Marque,fr FRA,DF,6,5,0.0,0.0,2009-2010,/en/players/47def789/Francois-Marque,47def789,Grenoble-Foot,402,4.5,1.0,0.0,107,4.0,12905,Grenoble-Foot
,Sofiane Feghouli,dz ALG,"FW,MF",5,4,0.0,0.0,2009-2010,/en/players/691f64f5/Sofiane-Feghouli,691f64f5,Grenoble-Foot,324,3.6,0.0,0.0,107,37.0,938,Grenoble-Foot
,Hugo Cianci,fr FRA,"DF,MF",8,2,0.0,0.0,2009-2010,/en/players/cd8e0999/Hugo-Cianci,cd8e0999,Grenoble-Foot,216,2.4,0.0,1.0,107,4.0,14687,Grenoble-Foot
,Brice Maubleu,fr FRA,GK,2,2,0.0,0.0,2009-2010,/en/players/5748ef07/Brice-Maubleu,5748ef07,Grenoble-Foot,180,2.0,0.0,0.0,107,4.0,14688,Grenoble-Foot
,Saphir Taïder,dz ALG,MF,1,1,0.0,0.0,2009-2010,/en/players/a12d0c05/Saphir-Taider,12d0c05,Grenoble-Foot,58,0.6,0.0,0.0,107,37.0,6891,Grenoble-Foot
,Jonathan Tinhan,bj BEN,"FW,MF",6,0,0.0,0.0,2009-2010,/en/players/871fc5f8/Jonathan-Tinhan,871fc5f8,Grenoble-Foot,107,1.2,0.0,0.0,107,132.0,13321,Grenoble-Foot
,Mustafa Kučuković,de GER,FW,4,0,0.0,0.0,2009-2010,/en/players/9a9497e1/Mustafa-Kucukovic,9a9497e1,Grenoble-Foot,52,0.6,2.0,0.0,107,13.0,14684,Grenoble-Foot
,Mehdi Bourabia,ma MAR,MF,2,0,0.0,0.0,2009-2010,/en/players/0d077b88/Mehdi-Bourabia,0d077b88,Grenoble-Foot,27,0.3,0.0,0.0,107,26.0,14689,Grenoble-Foot
,Sho Ito,jp JPN,FW,1,0,0.0,0.0,2009-2010,/en/players/574a1298/Sho-Ito,574a1298,Grenoble-Foot,21,0.2,0.0,0.0,107,54.0,14690,Grenoble-Foot
,﻿Jody Viviani,fr FRA,GK,35,35,0.0,0.0,2010-2011,/en/players/7d74fc84/Jody-Viviani,7d74fc84,Grenoble-Foot,"3,149",35.0,0.0,0.0,107,4.0,13298,Grenoble-Foot
,Nicolas Dieuze,fr FRA,MF,34,34,2.0,2.0,2010-2011,/en/players/57992d1e/Nicolas-Dieuze,57992d1e,Grenoble-Foot,"3,052",33.9,14.0,0.0,107,4.0,12860,Grenoble-Foot
,Jean-Jacques Mandrichi,fr FRA,FW,31,28,1.0,10.0,2010-2011,/en/players/3427a00c/Jean-Jacques-Mandrichi,3427a00c,Grenoble-Foot,"2,474",27.5,3.0,0.0,107,4.0,12543,Grenoble-Foot
,Jacques Abardonado,fr FRA,DF,28,28,0.0,0.0,2010-2011,/en/players/ecab07ee/Jacques-Abardonado,cab07ee,Grenoble-Foot,"2,382",26.5,6.0,0.0,107,4.0,12615,Grenoble-Foot
,Jackson Mendy,sn SEN,DF,28,26,0.0,2.0,2010-2011,/en/players/8394d48f/Jackson-Mendy,8394d48f,Grenoble-Foot,"2,348",26.1,5.0,0.0,107,34.0,13433,Grenoble-Foot
,Jimmy Mainfroi,fr FRA,DF,24,23,3.0,0.0,2010-2011,/en/players/7532e202/Jimmy-Mainfroi,7532e202,Grenoble-Foot,"1,987",22.1,2.0,1.0,107,4.0,13304,Grenoble-Foot
,François Marque,fr FRA,DF,22,22,0.0,1.0,2010-2011,/en/players/47def789/Francois-Marque,47def789,Grenoble-Foot,"1,933",21.5,5.0,1.0,107,4.0,12905,Grenoble-Foot
,Hugo Cianci,fr FRA,"DF,MF",24,22,0.0,3.0,2010-2011,/en/players/cd8e0999/Hugo-Cianci,cd8e0999,Grenoble-Foot,"1,866",20.7,7.0,0.0,107,4.0,14687,Grenoble-Foot
,Atila Turan,tr TUR,"DF,MF",22,20,1.0,3.0,2010-2011,/en/players/5c10ff85/Atila-Turan,5c10ff85,Grenoble-Foot,"1,794",19.9,1.0,0.0,107,15.0,14691,Grenoble-Foot
,Jimmy Juan,fr FRA,MF,19,18,0.0,1.0,2010-2011,/en/players/d0447a50/Jimmy-Juan,d0447a50,Grenoble-Foot,"1,570",17.4,9.0,0.0,107,4.0,11336,Grenoble-Foot
,Saphir Taïder,dz ALG,MF,25,16,0.0,1.0,2010-2011,/en/players/a12d0c05/Saphir-Taider,12d0c05,Grenoble-Foot,"1,615",17.9,4.0,0.0,107,37.0,6891,Grenoble-Foot
,Yohann Lasimant,fr FRA,MF,33,15,2.0,2.0,2010-2011,/en/players/f7cd505d/Yohann-Lasimant,f7cd505d,Grenoble-Foot,"1,525",16.9,2.0,0.0,107,4.0,13208,Grenoble-Foot
,Sandy Paillot,fr FRA,DF,16,15,0.0,0.0,2010-2011,/en/players/68d34b58/Sandy-Paillot,68d34b58,Grenoble-Foot,"1,381",15.3,3.0,0.0,107,4.0,11235,Grenoble-Foot
,Pascal Johansen,fr FRA,MF,15,15,2.0,1.0,2010-2011,/en/players/29d45bd9/Pascal-Johansen,29d45bd9,Grenoble-Foot,"1,118",12.4,1.0,1.0,107,4.0,11514,Grenoble-Foot
,Daisuke Matsui,jp JPN,"FW,MF",16,14,1.0,1.0,2010-2011,/en/players/c178b2e0/Daisuke-Matsui,c178b2e0,Grenoble-Foot,"1,244",13.8,3.0,0.0,107,54.0,14117,Grenoble-Foot
,Hamadi Ayari,fr FRA,MF,18,14,0.0,0.0,2010-2011,/en/players/a5d9b2e9/Hamadi-Ayari,5d9b2e9,Grenoble-Foot,"1,124",12.5,1.0,0.0,107,4.0,13907,Grenoble-Foot
,Helton Dos Reis,fr FRA,"DF,FW",29,12,1.0,1.0,2010-2011,/en/players/f48629bf/Helton-Dos-Reis,f48629bf,Grenoble-Foot,"1,208",13.4,1.0,0.0,107,4.0,14210,Grenoble-Foot
,Yoric Ravet,fr FRA,"FW,MF",19,12,2.0,3.0,2010-2011,/en/players/4d74201d/Yoric-Ravet,4d74201d,Grenoble-Foot,"1,146",12.7,1.0,0.0,107,4.0,14214,Grenoble-Foot
,Jonathan Tinhan,bj BEN,"FW,MF",20,12,1.0,3.0,2010-2011,/en/players/871fc5f8/Jonathan-Tinhan,871fc5f8,Grenoble-Foot,"1,082",12.0,2.0,0.0,107,132.0,13321,Grenoble-Foot
,Joseph Mendes,gw GNB,FW,15,8,0.0,1.0,2010-2011,/en/players/d93c6b04/Joseph-Mendes,d93c6b04,Grenoble-Foot,740,8.2,2.0,0.0,107,93.0,9647,Grenoble-Foot
,Mehdi Bourabia,ma MAR,MF,9,6,0.0,1.0,2010-2011,/en/players/0d077b88/Mehdi-Bourabia,0d077b88,Grenoble-Foot,556,6.2,3.0,1.0,107,26.0,14689,Grenoble-Foot
,Laurent Courtois,fr FRA,MF,5,5,3.0,0.0,2010-2011,/en/players/fdd8f774/Laurent-Courtois,fdd8f774,Grenoble-Foot,420,4.7,1.0,0.0,107,4.0,4122,Grenoble-Foot
,Aymen Belaïd,tn TUN,"DF,MF",8,4,0.0,0.0,2010-2011,/en/players/5a050d70/Aymen-Belaid,5a050d70,Grenoble-Foot,384,4.3,0.0,0.0,107,46.0,14692,Grenoble-Foot
,Manuel Perez,fr FRA,MF,6,4,0.0,0.0,2010-2011,/en/players/88970207/Manuel-Perez,88970207,Grenoble-Foot,383,4.3,0.0,0.0,107,4.0,12425,Grenoble-Foot
,Brice Maubleu,fr FRA,GK,3,3,0.0,0.0,2010-2011,/en/players/5748ef07/Brice-Maubleu,5748ef07,Grenoble-Foot,270,3.0,1.0,0.0,107,4.0,14688,Grenoble-Foot
,Danijel Ljuboja,rs SRB,FW,3,3,1.0,0.0,2010-2011,/en/players/6352ab30/Danijel-Ljuboja,6352ab30,Grenoble-Foot,269,3.0,1.0,0.0,107,28.0,12357,Grenoble-Foot
,Josip Tadić,hr CRO,FW,5,2,0.0,0.0,2010-2011,/en/players/f0e9b3f2/Josip-Tadic,f0e9b3f2,Grenoble-Foot,192,2.1,0.0,0.0,107,16.0,14686,Grenoble-Foot
,Hamed Namouchi,tn TUN,MF,4,2,0.0,0.0,2010-2011,/en/players/7270c416/Hamed-Namouchi,7270c416,Grenoble-Foot,147,1.6,0.0,0.0,107,46.0,14537,Grenoble-Foot
,Abdel Lamanje,cm CMR,DF,2,0,0.0,0.0,2010-2011,/en/players/58b7919c/Abdel-Lamanje,58b7919c,Grenoble-Foot,90,1.0,0.0,0.0,107,36.0,14693,Grenoble-Foot
,Florian Thauvin,fr FRA,"FW,MF",3,0,0.0,0.0,2010-2011,/en/players/2b9fdeea/Florian-Thauvin,2b9fdeea,Grenoble-Foot,56,0.6,0.0,0.0,107,4.0,6083,Grenoble-Foot
,Lucas Pouliquen,,,2,0,0.0,0.0,2010-2011,No detected,,Grenoble-Foot,41,0.5,0.0,0.0,107,,90523,Grenoble-Foot
,Jérémy Malherbe,fr FRA,GK,1,0,0.0,0.0,2010-2011,/en/players/c362f3d1/Jeremy-Malherbe,c362f3d1,Grenoble-Foot,1,0.0,0.0,0.0,107,4.0,14694,Grenoble-Foot
,﻿Hamadi Ayari,fr FRA,MF,1,1,0.0,0.0,2014-2015,/en/players/a5d9b2e9/Hamadi-Ayari,5d9b2e9,Grenoble-Foot,90.0,1.0,1.0,0.0,107,4.0,13907,Grenoble-Foot
,Paul Cattier,fr FRA,GK,1,1,0.0,0.0,2014-2015,/en/players/c8c46d9b/Paul-Cattier,c8c46d9b,Grenoble-Foot,90.0,1.0,0.0,0.0,107,4.0,14695,Grenoble-Foot
,Henrique Da Silva Gomes,br BRA,DF,1,1,0.0,0.0,2014-2015,/en/players/41ac9841/Henrique-Da-Silva-Gomes,41ac9841,Grenoble-Foot,90.0,1.0,0.0,0.0,107,2.0,14696,Grenoble-Foot
,Jimmy Giraudon,fr FRA,DF,1,1,0.0,0.0,2014-2015,/en/players/6ba71da5/Jimmy-Giraudon,6ba71da5,Grenoble-Foot,90.0,1.0,0.0,0.0,107,4.0,5569,Grenoble-Foot
,Steven Pinto-Borges,pt POR,MF,1,1,0.0,0.0,2014-2015,/en/players/fac32182/Steven-Pinto-Borges,fac32182,Grenoble-Foot,90.0,1.0,1.0,0.0,107,3.0,14697,Grenoble-Foot
,Aziz Tafer,dz ALG,"DF,MF",1,1,0.0,0.0,2014-2015,/en/players/4cc4d0a3/Aziz-Tafer,4cc4d0a3,Grenoble-Foot,90.0,1.0,0.0,0.0,107,37.0,14698,Grenoble-Foot
,Fabien Tchenkoua,fr FRA,MF,1,1,0.0,0.0,2014-2015,/en/players/9f1ce85e/Fabien-Tchenkoua,9f1ce85e,Grenoble-Foot,90.0,1.0,1.0,0.0,107,4.0,13682,Grenoble-Foot
,Frédéric Thomas,fr FRA,MF,1,1,0.0,0.0,2014-2015,/en/players/8b735a92/Frederic-Thomas,8b735a92,Grenoble-Foot,90.0,1.0,0.0,0.0,107,4.0,11996,Grenoble-Foot
,Nassim Akrour,dz ALG,FW,1,1,0.0,0.0,2014-2015,/en/players/60c2472e/Nassim-Akrour,60c2472e,Grenoble-Foot,79.0,0.9,0.0,0.0,107,37.0,13727,Grenoble-Foot
,Mourad Nasrallah,fr FRA,FW,1,1,0.0,0.0,2014-2015,/en/players/08ec08ce/Mourad-Nasrallah,08ec08ce,Grenoble-Foot,70.0,0.8,0.0,0.0,107,4.0,14699,Grenoble-Foot
,Redouane Settaout,fr FRA,DF,1,1,0.0,0.0,2014-2015,/en/players/0f8b163b/Redouane-Settaout,0f8b163b,Grenoble-Foot,45.0,0.5,0.0,0.0,107,4.0,90524,Grenoble-Foot
,Kamel Chergui,fr FRA,FW,1,0,0.0,0.0,2014-2015,/en/players/c569bad6/Kamel-Chergui,c569bad6,Grenoble-Foot,45.0,0.5,0.0,0.0,107,4.0,14700,Grenoble-Foot
,Vahagn Militosyan,am ARM,FW,1,0,0.0,0.0,2014-2015,/en/players/486efeff/Vahagn-Militosyan,486efeff,Grenoble-Foot,20.0,0.2,0.0,0.0,107,105.0,14701,Grenoble-Foot
,Christopher Joufreau,fr FRA,MF,1,0,0.0,0.0,2014-2015,/en/players/2a35ab9b/Christopher-Joufreau,2a35ab9b,Grenoble-Foot,11.0,0.1,0.0,0.0,107,4.0,14702,Grenoble-Foot
,Biagui Kamissoko,fr FRA,"FW,MF",0,0,,,2014-2015,/en/players/033af879/Biagui-Kamissoko,033af879,Grenoble-Foot,,,,,107,4.0,14682,Grenoble-Foot
,Brice Maubleu,fr FRA,GK,0,0,,,2014-2015,/en/players/5748ef07/Brice-Maubleu,5748ef07,Grenoble-Foot,,,,,107,4.0,14688,Grenoble-Foot
,Azddine Medoukali,fr FRA,MF,0,0,,,2014-2015,/en/players/1fdd9d3a/Azddine-Medoukali,1fdd9d3a,Grenoble-Foot,,,,,107,4.0,14703,Grenoble-Foot
,﻿Jessy Bénet,fr FRA,MF,5,5,0.0,2.0,2017-2018,/en/players/6278e149/Jessy-Benet,6278e149,Grenoble-Foot,480.0,5.3,0.0,0.0,107,4.0,14704,Grenoble-Foot
,Fernand Mayembo,cg CGO,DF,4,4,0.0,0.0,2017-2018,/en/players/b20cc590/Fernand-Mayembo,b20cc590,Grenoble-Foot,390.0,4.3,0.0,0.0,107,80.0,13608,Grenoble-Foot
,Florian Sotoca,fr FRA,MF,4,4,0.0,4.0,2017-2018,/en/players/7a42d0df/Florian-Sotoca,7a42d0df,Grenoble-Foot,390.0,4.3,0.0,0.0,107,4.0,12422,Grenoble-Foot
,Selim Bengriba,fr FRA,DF,4,4,0.0,0.0,2017-2018,/en/players/d2e7e3ba/Selim-Bengriba,d2e7e3ba,Grenoble-Foot,360.0,4.0,0.0,0.0,107,4.0,14705,Grenoble-Foot
,Harouna Sy,mr MTN,DF,4,4,1.0,0.0,2017-2018,/en/players/b98520d6/Harouna-Sy,b98520d6,Grenoble-Foot,354.0,3.9,1.0,0.0,107,94.0,14706,Grenoble-Foot
,Arsène Elogo,cm CMR,MF,5,4,0.0,1.0,2017-2018,/en/players/fe788e89/Arsene-Elogo,fe788e89,Grenoble-Foot,297.0,3.3,1.0,0.0,107,36.0,14664,Grenoble-Foot
,Ibréhima Coulibaly,mr MTN,MF,4,4,0.0,0.0,2017-2018,/en/players/68c0a0f0/Ibrehima-Coulibaly,68c0a0f0,Grenoble-Foot,266.0,3.0,1.0,0.0,107,94.0,14188,Grenoble-Foot
,Steven Pinto-Borges,pt POR,MF,4,3,0.0,0.0,2017-2018,/en/players/fac32182/Steven-Pinto-Borges,fac32182,Grenoble-Foot,315.0,3.5,2.0,0.0,107,3.0,14697,Grenoble-Foot
,Papa Demba Camara,sn SEN,GK,3,3,0.0,0.0,2017-2018,/en/players/0a4a94a2/Papa-Demba-Camara,0a4a94a2,Grenoble-Foot,300.0,3.3,0.0,0.0,107,34.0,11859,Grenoble-Foot
,Éric Vandenabeele,fr FRA,DF,3,3,0.0,0.0,2017-2018,/en/players/bd61eff7/Eric-Vandenabeele,bd61eff7,Grenoble-Foot,300.0,3.3,2.0,0.0,107,4.0,14663,Grenoble-Foot
,Ugo Guégan,fr FRA,DF,3,3,1.0,0.0,2017-2018,/en/players/8d4ac0f9/Ugo-Guegan,8d4ac0f9,Grenoble-Foot,294.0,3.3,0.0,0.0,107,4.0,14707,Grenoble-Foot
,Julien Delétraz,fr FRA,MF,4,3,0.0,0.0,2017-2018,/en/players/39e61466/Julien-Deletraz,39e61466,Grenoble-Foot,192.0,2.1,1.0,0.0,107,4.0,14708,Grenoble-Foot
,Lakdar Boussaha,fr FRA,FW,2,2,0.0,1.0,2017-2018,/en/players/aae902bc/Lakdar-Boussaha,902bc,Grenoble-Foot,210.0,2.3,0.0,0.0,107,4.0,14709,Grenoble-Foot
,Alharbi El Jadeyaoui,ma MAR,MF,2,2,0.0,0.0,2017-2018,/en/players/5133287a/Alharbi-El-Jadeyaoui,5133287a,Grenoble-Foot,210.0,2.3,0.0,0.0,107,26.0,12196,Grenoble-Foot
,Nicolas Belvito,fr FRA,FW,5,2,0.0,0.0,2017-2018,/en/players/d4d77fe9/Nicolas-Belvito,d4d77fe9,Grenoble-Foot,198.0,2.2,1.0,0.0,107,4.0,14710,Grenoble-Foot
,Brice Maubleu,fr FRA,GK,2,2,0.0,0.0,2017-2018,/en/players/5748ef07/Brice-Maubleu,5748ef07,Grenoble-Foot,180.0,2.0,0.0,0.0,107,4.0,14688,Grenoble-Foot
,Eddy Maanane,fr FRA,FW,3,1,1.0,0.0,2017-2018,/en/players/5d37adc6/Eddy-Maanane,5d37adc6,Grenoble-Foot,144.0,1.6,0.0,0.0,107,4.0,14711,Grenoble-Foot
,Francis Dady Ngoye,fr FRA,DF,3,1,0.0,0.0,2017-2018,/en/players/0179754e/Francis-Dady-Ngoye,0179754e,Grenoble-Foot,95.0,1.1,0.0,0.0,107,4.0,14712,Grenoble-Foot
,Maxime Spano,dz ALG,DF,1,1,0.0,1.0,2017-2018,/en/players/8f1d935b/Maxime-Spano,8f1d935b,Grenoble-Foot,90.0,1.0,0.0,0.0,107,37.0,14047,Grenoble-Foot
,Raphaël Gherardi,fr FRA,MF,3,0,0.0,0.0,2017-2018,/en/players/5bdedb66/Raphael-Gherardi,5bdedb66,Grenoble-Foot,156.0,1.7,0.0,0.0,107,4.0,90525,Grenoble-Foot
,Florian David,gp GLP,FW,1,0,0.0,1.0,2017-2018,/en/players/befc2eac/Florian-David,befc2eac,Grenoble-Foot,31.0,0.3,0.0,0.0,107,56.0,14713,Grenoble-Foot
,Malek Chergui,fr FRA,MF,1,0,0.0,0.0,2017-2018,/en/players/69579068/Malek-Chergui,69579068,Grenoble-Foot,28.0,0.3,0.0,0.0,107,4.0,14659,Grenoble-Foot
,Nathanaël Dieng,fr FRA,DF,0,0,,,2017-2018,/en/players/8ac399b1/Nathanael-Dieng,8ac399b1,Grenoble-Foot,,,,,107,4.0,14714,Grenoble-Foot
,Nathan Monti,fr FRA,GK,0,0,,,2017-2018,/en/players/43159f99/Nathan-Monti,43159f99,Grenoble-Foot,,,,,107,4.0,14715,Grenoble-Foot
,Corentin Tirard,fr FRA,FW,0,0,,,2017-2018,/en/players/84f7d43b/Corentin-Tirard,84f7d43b,Grenoble-Foot,,,,,107,4.0,11452,Grenoble-Foot
,Anthony Walongwa,cd COD,DF,0,0,,,2017-2018,/en/players/eb78322b/Anthony-Walongwa,b78322b,Grenoble-Foot,,,,,107,50.0,12563,Grenoble-Foot
,﻿Florian Sotoca,fr FRA,"FW,MF",37,37,7.0,12.0,2018-2019,/en/players/7a42d0df/Florian-Sotoca,7a42d0df,Grenoble-Foot,"3,330",37.0,2.0,0.0,107,4.0,12422,Grenoble-Foot
,Youssouf M'Changama,km COM,MF,38,37,8.0,6.0,2018-2019,/en/players/e05082d1/Youssouf-MChangama,05082d1,Grenoble-Foot,"3,237",36.0,5.0,0.0,107,111.0,12252,Grenoble-Foot
,Jérôme Mombris,mg MAD,DF,35,34,3.0,0.0,2018-2019,/en/players/b99dca4b/Jerome-Mombris,b99dca4b,Grenoble-Foot,"3,092",34.4,3.0,0.0,107,155.0,12280,Grenoble-Foot
,Éric Vandenabeele,fr FRA,DF,27,26,0.0,2.0,2018-2019,/en/players/bd61eff7/Eric-Vandenabeele,bd61eff7,Grenoble-Foot,"2,314",25.7,6.0,0.0,107,4.0,14663,Grenoble-Foot
,Ryan Sanusi,be BEL,MF,26,26,1.0,1.0,2018-2019,/en/players/4e11a40b/Ryan-Sanusi,4e11a40b,Grenoble-Foot,"2,264",25.2,7.0,0.0,107,27.0,14716,Grenoble-Foot
,Maxime Spano,dz ALG,DF,27,26,0.0,1.0,2018-2019,/en/players/8f1d935b/Maxime-Spano,8f1d935b,Grenoble-Foot,"2,227",24.7,2.0,1.0,107,37.0,14047,Grenoble-Foot
,Pierre Gibaud,fr FRA,DF,26,25,0.0,0.0,2018-2019,/en/players/3006a5a6/Pierre-Gibaud,3006a5a6,Grenoble-Foot,"2,220",24.7,2.0,0.0,107,4.0,11873,Grenoble-Foot
,Ibréhima Coulibaly,mr MTN,"MF,DF",29,25,0.0,1.0,2018-2019,/en/players/68c0a0f0/Ibrehima-Coulibaly,68c0a0f0,Grenoble-Foot,"2,209",24.5,6.0,1.0,107,94.0,14188,Grenoble-Foot
,Brice Maubleu,fr FRA,GK,23,23,0.0,0.0,2018-2019,/en/players/5748ef07/Brice-Maubleu,5748ef07,Grenoble-Foot,"2,070",23.0,0.0,0.0,107,4.0,14688,Grenoble-Foot
,Arsène Elogo,cm CMR,"MF,FW",34,22,0.0,3.0,2018-2019,/en/players/fe788e89/Arsene-Elogo,fe788e89,Grenoble-Foot,"1,995",22.2,1.0,0.0,107,36.0,14664,Grenoble-Foot
,Malek Chergui,fr FRA,"MF,FW",29,22,1.0,8.0,2018-2019,/en/players/69579068/Malek-Chergui,69579068,Grenoble-Foot,"1,928",21.4,1.0,0.0,107,4.0,14659,Grenoble-Foot
,Harouna Sy,mr MTN,DF,23,19,3.0,0.0,2018-2019,/en/players/b98520d6/Harouna-Sy,b98520d6,Grenoble-Foot,"1,680",18.7,5.0,0.0,107,94.0,14706,Grenoble-Foot
,Romain Grange,fr FRA,MF,18,18,1.0,4.0,2018-2019,/en/players/d054e5f8/Romain-Grange,d054e5f8,Grenoble-Foot,"1,514",16.8,3.0,0.0,107,4.0,14460,Grenoble-Foot
,Jessy Bénet,fr FRA,"MF,FW",18,16,1.0,2.0,2018-2019,/en/players/6278e149/Jessy-Benet,6278e149,Grenoble-Foot,"1,328",14.8,1.0,0.0,107,4.0,14704,Grenoble-Foot
,Papa Demba Camara,sn SEN,GK,15,15,0.0,0.0,2018-2019,/en/players/0a4a94a2/Papa-Demba-Camara,0a4a94a2,Grenoble-Foot,"1,350",15.0,0.0,0.0,107,34.0,11859,Grenoble-Foot
,Selim Bengriba,fr FRA,DF,10,10,0.0,0.0,2018-2019,/en/players/d2e7e3ba/Selim-Bengriba,d2e7e3ba,Grenoble-Foot,860,9.6,1.0,0.0,107,4.0,14705,Grenoble-Foot
,Nicolas Belvito,fr FRA,FW,18,9,0.0,1.0,2018-2019,/en/players/d4d77fe9/Nicolas-Belvito,d4d77fe9,Grenoble-Foot,766,8.5,3.0,0.0,107,4.0,14710,Grenoble-Foot
,Francis Dady Ngoye,fr FRA,DF,12,7,0.0,0.0,2018-2019,/en/players/0179754e/Francis-Dady-Ngoye,0179754e,Grenoble-Foot,711,7.9,4.0,0.0,107,4.0,14712,Grenoble-Foot
,Alharbi El Jadeyaoui,ma MAR,MF,17,4,0.0,0.0,2018-2019,/en/players/5133287a/Alharbi-El-Jadeyaoui,5133287a,Grenoble-Foot,430,4.8,1.0,0.0,107,26.0,12196,Grenoble-Foot
,Julien Delétraz,fr FRA,MF,9,4,0.0,0.0,2018-2019,/en/players/39e61466/Julien-Deletraz,39e61466,Grenoble-Foot,378,4.2,1.0,0.0,107,4.0,14708,Grenoble-Foot
,Yves Pambou,cg CGO,MF,9,4,0.0,0.0,2018-2019,/en/players/354e2cb6/Yves-Pambou,354e2cb6,Grenoble-Foot,357,4.0,0.0,0.0,107,80.0,14717,Grenoble-Foot
,Lakdar Boussaha,fr FRA,"FW,MF",14,3,0.0,1.0,2018-2019,/en/players/aae902bc/Lakdar-Boussaha,902bc,Grenoble-Foot,385,4.3,0.0,0.0,107,4.0,14709,Grenoble-Foot
,Yohan Brun,fr FRA,MF,9,3,0.0,0.0,2018-2019,/en/players/b7722995/Yohan-Brun,b7722995,Grenoble-Foot,320,3.6,1.0,0.0,107,4.0,14718,Grenoble-Foot
,Nicolas Taravel,fr FRA,DF,3,2,0.0,1.0,2018-2019,/en/players/0c411686/Nicolas-Taravel,0c411686,Grenoble-Foot,225,2.5,0.0,0.0,107,4.0,14719,Grenoble-Foot
,Jaba Jighauri,ge GEO,MF,13,1,1.0,0.0,2018-2019,/en/players/28aeafaa/Jaba-Jighauri,28aeafaa,Grenoble-Foot,289,3.2,0.0,0.0,107,76.0,14720,Grenoble-Foot
,Corentin Tirard,fr FRA,FW,5,0,0.0,0.0,2018-2019,/en/players/84f7d43b/Corentin-Tirard,84f7d43b,Grenoble-Foot,83,0.9,0.0,0.0,107,4.0,11452,Grenoble-Foot
,Eddy Maanane,fr FRA,FW,3,0,0.0,0.0,2018-2019,/en/players/5d37adc6/Eddy-Maanane,5d37adc6,Grenoble-Foot,25,0.3,0.0,0.0,107,4.0,14711,Grenoble-Foot
,Fabien Boyer,mg MAD,DF,1,0,0.0,0.0,2018-2019,/en/players/d5b4ac43/Fabien-Boyer,d5b4ac43,Grenoble-Foot,18,0.2,0.0,0.0,107,155.0,14721,Grenoble-Foot
,Nacim Gourmat,dz ALG,MF,0,0,,,2018-2019,/en/players/42bbfb51/Nacim-Gourmat,42bbfb51,Grenoble-Foot,,,,,107,37.0,14722,Grenoble-Foot
,Nicolas Jurine,fr FRA,MF,0,0,,,2018-2019,/en/players/fa50e5ec/Nicolas-Jurine,fa50e5ec,Grenoble-Foot,,,,,107,4.0,14723,Grenoble-Foot
,Esteban Salles,fr FRA,GK,0,0,,,2018-2019,/en/players/2f7b8ba6/Esteban-Salles,2f7b8ba6,Grenoble-Foot,,,,,107,4.0,14724,Grenoble-Foot
,﻿Jérôme Mombris,mg MAD,DF,28,28,0.0,0.0,2019-2020,/en/players/b99dca4b/Jerome-Mombris,b99dca4b,Grenoble-Foot,"2,520",28.0,2.0,0.0,107,155.0,12280,Grenoble-Foot
,Brice Maubleu,fr FRA,GK,27,27,0.0,0.0,2019-2020,/en/players/5748ef07/Brice-Maubleu,5748ef07,Grenoble-Foot,"2,430",27.0,1.0,0.0,107,4.0,14688,Grenoble-Foot
,Adrien Monfray,fr FRA,DF,27,27,0.0,0.0,2019-2020,/en/players/0d332068/Adrien-Monfray,0d332068,Grenoble-Foot,"2,430",27.0,6.0,0.0,107,4.0,14725,Grenoble-Foot
,Charles Pickel,ch SUI,MF,26,26,0.0,1.0,2019-2020,/en/players/f71ad8cb/Charles-Pickel,f71ad8cb,Grenoble-Foot,"2,252",25.0,8.0,1.0,107,39.0,14726,Grenoble-Foot
,Pierre Gibaud,fr FRA,DF,23,23,1.0,0.0,2019-2020,/en/players/3006a5a6/Pierre-Gibaud,3006a5a6,Grenoble-Foot,"2,070",23.0,2.0,0.0,107,4.0,11873,Grenoble-Foot
,Éric Vandenabeele,fr FRA,DF,22,21,0.0,2.0,2019-2020,/en/players/bd61eff7/Eric-Vandenabeele,bd61eff7,Grenoble-Foot,"1,906",21.2,1.0,0.0,107,4.0,14663,Grenoble-Foot
,Moussa Djitte,sn SEN,FW,25,20,2.0,7.0,2019-2020,/en/players/627b570a/Moussa-Djitte,627b570a,Grenoble-Foot,"1,871",20.8,3.0,0.0,107,34.0,14727,Grenoble-Foot
,Jessy Bénet,fr FRA,MF,22,19,2.0,5.0,2019-2020,/en/players/6278e149/Jessy-Benet,6278e149,Grenoble-Foot,"1,750",19.4,1.0,0.0,107,4.0,14704,Grenoble-Foot
,Ibréhima Coulibaly,mr MTN,MF,17,17,1.0,0.0,2019-2020,/en/players/68c0a0f0/Ibrehima-Coulibaly,68c0a0f0,Grenoble-Foot,"1,342",14.9,6.0,1.0,107,94.0,14188,Grenoble-Foot
,Arsène Elogo,cm CMR,MF,22,15,2.0,2.0,2019-2020,/en/players/fe788e89/Arsene-Elogo,fe788e89,Grenoble-Foot,"1,381",15.3,6.0,0.0,107,36.0,14664,Grenoble-Foot
,Terell Ondaan,gy GUY,"MF,FW",24,15,3.0,2.0,2019-2020,/en/players/3388d472/Terell-Ondaan,3388d472,Grenoble-Foot,"1,338",14.9,1.0,0.0,107,124.0,14728,Grenoble-Foot
,Jonathan Tinhan,bj BEN,"MF,FW",22,15,3.0,1.0,2019-2020,/en/players/871fc5f8/Jonathan-Tinhan,871fc5f8,Grenoble-Foot,"1,285",14.3,1.0,0.0,107,132.0,13321,Grenoble-Foot
,Willy Semedo,cv CPV,"MF,FW",20,10,2.0,3.0,2019-2020,/en/players/d1edc98f/Willy-Semedo,d1edc98f,Grenoble-Foot,895,9.9,1.0,0.0,107,85.0,14729,Grenoble-Foot
,Loïc Nestor,fr FRA,DF,13,9,1.0,0.0,2019-2020,/en/players/bb53ee38/Loic-Nestor,bb53ee38,Grenoble-Foot,778,8.6,0.0,0.0,107,4.0,13546,Grenoble-Foot
,Florian Raspentino,fr FRA,"FW,MF",15,8,1.0,0.0,2019-2020,/en/players/9448a3be/Florian-Raspentino,9448a3be,Grenoble-Foot,682,7.6,2.0,0.0,107,4.0,11585,Grenoble-Foot
,Florian Michel,fr FRA,MF,11,6,0.0,0.0,2019-2020,/en/players/67388948/Florian-Michel,67388948,Grenoble-Foot,544,6.0,0.0,0.0,107,4.0,14730,Grenoble-Foot
,Youssouf M'Changama,km COM,MF,5,5,0.0,1.0,2019-2020,/en/players/e05082d1/Youssouf-MChangama,05082d1,Grenoble-Foot,450,5.0,0.0,0.0,107,111.0,12252,Grenoble-Foot
,Jules Sylvestre Brac,fr FRA,DF,5,5,0.0,0.0,2019-2020,/en/players/e2b60929/Jules-Sylvestre-Brac,2b60929,Grenoble-Foot,450,5.0,2.0,0.0,107,4.0,14731,Grenoble-Foot
,Anthony Belmonte,fr FRA,MF,6,5,0.0,0.0,2019-2020,/en/players/1d5013e2/Anthony-Belmonte,1d5013e2,Grenoble-Foot,351,3.9,2.0,0.0,107,4.0,14419,Grenoble-Foot
,Yves Pambou,cg CGO,MF,10,4,0.0,0.0,2019-2020,/en/players/354e2cb6/Yves-Pambou,354e2cb6,Grenoble-Foot,404,4.5,1.0,0.0,107,80.0,14717,Grenoble-Foot
,Yohan Brun,fr FRA,MF,10,2,0.0,1.0,2019-2020,/en/players/b7722995/Yohan-Brun,b7722995,Grenoble-Foot,296,3.3,0.0,0.0,107,4.0,14718,Grenoble-Foot
,Papa Demba Camara,sn SEN,GK,1,1,0.0,0.0,2019-2020,/en/players/0a4a94a2/Papa-Demba-Camara,0a4a94a2,Grenoble-Foot,90,1.0,0.0,0.0,107,34.0,11859,Grenoble-Foot
,Kristófer Kristinsson,is ISL,MF,6,0,0.0,0.0,2019-2020,/en/players/57190c2a/Kristofer-Kristinsson,57190c2a,Grenoble-Foot,104,1.2,0.0,0.0,107,40.0,14732,Grenoble-Foot
,Abdel Abdallah,km COM,DF,1,0,0.0,0.0,2019-2020,/en/players/18f2e473/Abdel-Abdallah,18f2e473,Grenoble-Foot,3,0.0,0.0,0.0,107,111.0,13777,Grenoble-Foot
,Christian Gyeboaho,fr FRA,MF,0,0,,,2019-2020,/en/players/998a3411/Christian-Gyeboaho,998a3411,Grenoble-Foot,,,,,107,4.0,14733,Grenoble-Foot
,Esteban Salles,fr FRA,GK,0,0,,,2019-2020,/en/players/2f7b8ba6/Esteban-Salles,2f7b8ba6,Grenoble-Foot,,,,,107,4.0,14724,Grenoble-Foot
,Chris Vianney Goteni,cg CGO,DF,0,0,,,2019-2020,/en/players/1ca53f0a/Chris-Vianney-Goteni,1ca53f0a,Grenoble-Foot,,,,,107,80.0,14734,Grenoble-Foot
,﻿Charles Pickel,ch SUI,MF,35,34,2.0,1.0,2020-2021,/en/players/f71ad8cb/Charles-Pickel,f71ad8cb,Grenoble-Foot,"2,990",33.2,6.0,0.0,107,39.0,14726,Grenoble-Foot
,Adrien Monfray,fr FRA,DF,33,33,0.0,0.0,2020-2021,/en/players/0d332068/Adrien-Monfray,0d332068,Grenoble-Foot,"2,953",32.8,10.0,1.0,107,4.0,14725,Grenoble-Foot
,Jessy Bénet,fr FRA,MF,34,30,7.0,9.0,2020-2021,/en/players/6278e149/Jessy-Benet,6278e149,Grenoble-Foot,"2,577",28.6,4.0,0.0,107,4.0,14704,Grenoble-Foot
,Willy Semedo,cv CPV,"FW,MF",36,29,2.0,5.0,2020-2021,/en/players/d1edc98f/Willy-Semedo,d1edc98f,Grenoble-Foot,"2,514",27.9,1.0,0.0,107,85.0,14729,Grenoble-Foot
,Jérôme Mombris,mg MAD,DF,32,28,2.0,0.0,2020-2021,/en/players/b99dca4b/Jerome-Mombris,b99dca4b,Grenoble-Foot,"2,469",27.4,4.0,1.0,107,155.0,12280,Grenoble-Foot
,Loïc Nestor,fr FRA,DF,28,28,1.0,4.0,2020-2021,/en/players/bb53ee38/Loic-Nestor,bb53ee38,Grenoble-Foot,"2,465",27.4,4.0,0.0,107,4.0,13546,Grenoble-Foot
,Brice Maubleu,fr FRA,GK,25,25,0.0,0.0,2020-2021,/en/players/5748ef07/Brice-Maubleu,5748ef07,Grenoble-Foot,"2,228",24.8,0.0,0.0,107,4.0,14688,Grenoble-Foot
,Jordy Gaspar,fr FRA,DF,27,24,4.0,0.0,2020-2021,/en/players/5fc8a115/Jordy-Gaspar,5fc8a115,Grenoble-Foot,"2,084",23.2,9.0,0.0,107,4.0,11272,Grenoble-Foot
,Moussa Djitte,sn SEN,FW,35,23,0.0,8.0,2020-2021,/en/players/627b570a/Moussa-Djitte,627b570a,Grenoble-Foot,"1,964",21.8,6.0,0.0,107,34.0,14727,Grenoble-Foot
,Yoric Ravet,fr FRA,"MF,FW",28,22,4.0,5.0,2020-2021,/en/players/4d74201d/Yoric-Ravet,4d74201d,Grenoble-Foot,"1,838",20.4,4.0,0.0,107,4.0,14214,Grenoble-Foot
,Mamadou Diallo,gn GUI,"FW,MF",35,20,4.0,5.0,2020-2021,/en/players/76d5f20a/Mamadou-Diallo,76d5f20a,Grenoble-Foot,"1,745",19.4,4.0,1.0,107,74.0,11871,Grenoble-Foot
,Manuel Perez,fr FRA,MF,21,16,1.0,0.0,2020-2021,/en/players/88970207/Manuel-Perez,88970207,Grenoble-Foot,"1,354",15.0,3.0,0.0,107,4.0,12425,Grenoble-Foot
,Achille Anani,ci CIV,FW,37,15,4.0,7.0,2020-2021,/en/players/4e56dac1/Achille-Anani,4e56dac1,Grenoble-Foot,"1,519",16.9,4.0,1.0,107,35.0,14735,Grenoble-Foot
,Bart Straalman,nl NED,DF,19,15,0.0,1.0,2020-2021,/en/players/a6231929/Bart-Straalman,6231929,Grenoble-Foot,"1,416",15.7,2.0,0.0,107,11.0,14743,Grenoble-Foot
,Esteban Salles,fr FRA,GK,14,13,0.0,0.0,2020-2021,/en/players/2f7b8ba6/Esteban-Salles,2f7b8ba6,Grenoble-Foot,"1,192",13.2,0.0,0.0,107,4.0,14724,Grenoble-Foot
,Abdel Abdallah,km COM,DF,27,12,1.0,0.0,2020-2021,/en/players/18f2e473/Abdel-Abdallah,18f2e473,Grenoble-Foot,"1,247",13.9,3.0,0.0,107,111.0,13777,Grenoble-Foot
,Kevin Tapoko,fr FRA,MF,26,11,0.0,1.0,2020-2021,/en/players/741a7d11/Kevin-Tapoko,741a7d11,Grenoble-Foot,"1,016",11.3,6.0,0.0,107,4.0,14736,Grenoble-Foot
,Loris Néry,fr FRA,DF,12,10,0.0,0.0,2020-2021,/en/players/caede38a/Loris-Nery,caede38a,Grenoble-Foot,888,9.9,2.0,0.0,107,4.0,14213,Grenoble-Foot
,Florian Michel,fr FRA,MF,23,9,2.0,0.0,2020-2021,/en/players/67388948/Florian-Michel,67388948,Grenoble-Foot,787,8.7,0.0,0.0,107,4.0,14730,Grenoble-Foot
,David Henen,tg TOG,"FW,MF",25,8,1.0,0.0,2020-2021,/en/players/4c13c3b9/David-Henen,4c13c3b9,Grenoble-Foot,856,9.5,1.0,0.0,107,109.0,14737,Grenoble-Foot
,Anthony Belmonte,fr FRA,MF,19,8,0.0,2.0,2020-2021,/en/players/1d5013e2/Anthony-Belmonte,1d5013e2,Grenoble-Foot,846,9.4,1.0,0.0,107,4.0,14419,Grenoble-Foot
,Harouna Sy,mr MTN,DF,4,3,0.0,0.0,2020-2021,/en/players/b98520d6/Harouna-Sy,b98520d6,Grenoble-Foot,264,2.9,1.0,0.0,107,94.0,14706,Grenoble-Foot
,Souleymane Cissé,sn SEN,MF,2,2,0.0,0.0,2020-2021,/en/players/4d566d6b/Souleymane-Cisse,4d566d6b,Grenoble-Foot,180,2.0,1.0,0.0,107,34.0,14738,Grenoble-Foot
,Terell Ondaan,gy GUY,"FW,MF",4,0,0.0,1.0,2020-2021,/en/players/3388d472/Terell-Ondaan,3388d472,Grenoble-Foot,111,1.2,0.0,0.0,107,124.0,14728,Grenoble-Foot
,Jules Sylvestre Brac,fr FRA,DF,3,0,0.0,0.0,2020-2021,/en/players/e2b60929/Jules-Sylvestre-Brac,2b60929,Grenoble-Foot,14,0.2,0.0,0.0,107,4.0,14731,Grenoble-Foot
,Maxence Renoud,fr FRA,FW,1,0,0.0,0.0,2020-2021,/en/players/3666b6fb/Maxence-Renoud,3666b6fb,Grenoble-Foot,9,0.1,0.0,0.0,107,4.0,14739,Grenoble-Foot
,Patrick Mbina,ga GAB,FW,1,0,0.0,0.0,2020-2021,/en/players/570595a1/Patrick-Mbina,570595a1,Grenoble-Foot,6,0.1,0.0,0.0,107,69.0,14740,Grenoble-Foot
,Paul Bourdelle,fr FRA,GK,0,0,,,2020-2021,/en/players/527df52e/Paul-Bourdelle,527df52e,Grenoble-Foot,,,,,107,4.0,90526,Grenoble-Foot
,Aziz Bouzit,fr FRA,FW,0,0,,,2020-2021,/en/players/62fbffb2/Aziz-Bouzit,62fbffb2,Grenoble-Foot,,,,,107,4.0,14741,Grenoble-Foot
,Théo Cozzi-Buet,fr FRA,GK,0,0,,,2020-2021,/en/players/6f298d11/Theo-Cozzi-Buet,6f298d11,Grenoble-Foot,,,,,107,4.0,14742,Grenoble-Foot
,Chris Vianney Goteni,cg CGO,DF,0,0,,,2020-2021,/en/players/1ca53f0a/Chris-Vianney-Goteni,1ca53f0a,Grenoble-Foot,,,,,107,80.0,14734,Grenoble-Foot
,﻿Loïc Nestor,fr FRA,DF,37,37,0.0,4.0,2021-2022,/en/players/bb53ee38/Loic-Nestor,bb53ee38,Grenoble-Foot,"3,319",36.9,1.0,0.0,107,4.0,13546,Grenoble-Foot
,Brice Maubleu,fr FRA,GK,34,34,1.0,0.0,2021-2022,/en/players/5748ef07/Brice-Maubleu,5748ef07,Grenoble-Foot,"3,001",33.3,1.0,1.0,107,4.0,14688,Grenoble-Foot
,Jordy Gaspar,fr FRA,"MF,DF",33,27,0.0,0.0,2021-2022,/en/players/5fc8a115/Jordy-Gaspar,5fc8a115,Grenoble-Foot,"2,430",27.0,8.0,1.0,107,4.0,11272,Grenoble-Foot
,Franck-Yves Bambock,fr FRA,MF,31,24,1.0,0.0,2021-2022,/en/players/7240e475/Franck-Yves-Bambock,7240e475,Grenoble-Foot,"2,351",26.1,5.0,0.0,107,4.0,5359,Grenoble-Foot
,Loris Néry,fr FRA,DF,28,22,2.0,1.0,2021-2022,/en/players/caede38a/Loris-Nery,caede38a,Grenoble-Foot,"2,093",23.3,3.0,0.0,107,4.0,14213,Grenoble-Foot
,Adrien Monfray,fr FRA,DF,24,22,1.0,1.0,2021-2022,/en/players/0d332068/Adrien-Monfray,0d332068,Grenoble-Foot,"2,006",22.3,7.0,1.0,107,4.0,14725,Grenoble-Foot
,Alex Gersbach,au AUS,"MF,DF",25,22,1.0,0.0,2021-2022,/en/players/494bff86/Alex-Gersbach,494bff86,Grenoble-Foot,"1,901",21.1,1.0,0.0,107,42.0,12397,Grenoble-Foot
,Yoric Ravet,fr FRA,"MF,FW",25,21,4.0,5.0,2021-2022,/en/players/4d74201d/Yoric-Ravet,4d74201d,Grenoble-Foot,"1,717",19.1,2.0,0.0,107,4.0,14214,Grenoble-Foot
,Florian Michel,fr FRA,MF,23,20,1.0,0.0,2021-2022,/en/players/67388948/Florian-Michel,67388948,Grenoble-Foot,"1,463",16.3,2.0,0.0,107,4.0,14730,Grenoble-Foot
,Achille Anani,ci CIV,FW,32,19,2.0,5.0,2021-2022,/en/players/4e56dac1/Achille-Anani,4e56dac1,Grenoble-Foot,"1,814",20.2,6.0,0.0,107,35.0,14735,Grenoble-Foot
,Abdel Abdallah,km COM,"DF,MF",29,19,2.0,1.0,2021-2022,/en/players/18f2e473/Abdel-Abdallah,18f2e473,Grenoble-Foot,"1,797",20.0,3.0,1.0,107,111.0,13777,Grenoble-Foot
,Joris Correa,fr FRA,"MF,FW",25,16,0.0,2.0,2021-2022,/en/players/8a98cfbb/Joris-Correa,8a98cfbb,Grenoble-Foot,"1,379",15.3,3.0,0.0,107,4.0,12918,Grenoble-Foot
,Mamadou Diallo,gn GUI,"FW,MF",22,15,3.0,2.0,2021-2022,/en/players/76d5f20a/Mamadou-Diallo,76d5f20a,Grenoble-Foot,"1,507",16.7,1.0,0.0,107,74.0,11871,Grenoble-Foot
,Bart Straalman,nl NED,DF,15,15,0.0,0.0,2021-2022,/en/players/a6231929/Bart-Straalman,6231929,Grenoble-Foot,"1,226",13.6,0.0,0.0,107,11.0,14743,Grenoble-Foot
,Manuel Perez,fr FRA,MF,18,15,0.0,0.0,2021-2022,/en/players/88970207/Manuel-Perez,88970207,Grenoble-Foot,"1,064",11.8,4.0,1.0,107,4.0,12425,Grenoble-Foot
,Anthony Belmonte,fr FRA,MF,17,12,0.0,1.0,2021-2022,/en/players/1d5013e2/Anthony-Belmonte,1d5013e2,Grenoble-Foot,"1,077",12.0,5.0,0.0,107,4.0,14419,Grenoble-Foot
,Souleymane Cissé,sn SEN,MF,16,12,1.0,0.0,2021-2022,/en/players/4d566d6b/Souleymane-Cisse,4d566d6b,Grenoble-Foot,"1,007",11.2,4.0,0.0,107,34.0,14738,Grenoble-Foot
,Jordan Tell,fr FRA,FW,12,10,0.0,3.0,2021-2022,/en/players/4f093689/Jordan-Tell,4f093689,Grenoble-Foot,744,8.3,1.0,0.0,107,4.0,13246,Grenoble-Foot
,Jekob Jeno,nc NCL,"MF,FW",12,9,2.0,0.0,2021-2022,/en/players/5accdfa9/Jekob-Jeno,5accdfa9,Grenoble-Foot,736,8.2,5.0,1.0,107,161.0,14744,Grenoble-Foot
,David Henen,tg TOG,"MF,FW",16,8,1.0,2.0,2021-2022,/en/players/4c13c3b9/David-Henen,4c13c3b9,Grenoble-Foot,729,8.1,2.0,0.0,107,109.0,14737,Grenoble-Foot
,Jules Sylvestre Brac,fr FRA,DF,10,6,0.0,1.0,2021-2022,/en/players/e2b60929/Jules-Sylvestre-Brac,2b60929,Grenoble-Foot,574,6.4,0.0,0.0,107,4.0,14731,Grenoble-Foot
,Abdoulie Sanyang,gm GAM,"FW,MF",9,5,1.0,2.0,2021-2022,/en/players/22514f66/Abdoulie-Sanyang,22514f66,Grenoble-Foot,469,5.2,1.0,0.0,107,92.0,14745,Grenoble-Foot
,Manuel de Iriondo,ar ARG,MF,17,4,0.0,0.0,2021-2022,/en/players/85bcbc6c/Manuel-de-Iriondo,85bcbc6c,Grenoble-Foot,430,4.8,5.0,1.0,107,5.0,90527,Grenoble-Foot
,Esteban Salles,fr FRA,GK,5,4,0.0,0.0,2021-2022,/en/players/2f7b8ba6/Esteban-Salles,2f7b8ba6,Grenoble-Foot,417,4.6,0.0,0.0,107,4.0,14724,Grenoble-Foot
,Charles Pickel,ch SUI,MF,3,3,0.0,1.0,2021-2022,/en/players/f71ad8cb/Charles-Pickel,f71ad8cb,Grenoble-Foot,270,3.0,1.0,0.0,107,39.0,14726,Grenoble-Foot
,Yannick Marchand,ch SUI,MF,6,3,1.0,0.0,2021-2022,/en/players/22a239c1/Yannick-Marchand,22a239c1,Grenoble-Foot,198,2.2,0.0,0.0,107,39.0,14746,Grenoble-Foot
,Axel Ngando,fr FRA,MF,4,3,0.0,0.0,2021-2022,/en/players/954b2503/Axel-Ngando,954b2503,Grenoble-Foot,188,2.1,0.0,0.0,107,4.0,12043,Grenoble-Foot
,Orges Bunjaku,ch SUI,MF,17,2,0.0,0.0,2021-2022,/en/players/b0a84aa7/Orges-Bunjaku,b0a84aa7,Grenoble-Foot,513,5.7,3.0,0.0,107,39.0,14747,Grenoble-Foot
,Youssoupha Bamba,,"MF,FW",3,2,0.0,1.0,2021-2022,/en/players/aa1f1ccf/Youssoupha-Bamba,1f1ccf,Grenoble-Foot,170,1.9,0.0,0.0,107,,90528,Grenoble-Foot
,Jérôme Mombris,mg MAD,DF,2,2,0.0,0.0,2021-2022,/en/players/b99dca4b/Jerome-Mombris,b99dca4b,Grenoble-Foot,158,1.8,0.0,0.0,107,155.0,12280,Grenoble-Foot
,Terell Ondaan,gy GUY,MF,2,2,0.0,0.0,2021-2022,/en/players/3388d472/Terell-Ondaan,3388d472,Grenoble-Foot,113,1.3,0.0,0.0,107,124.0,14728,Grenoble-Foot
,Giorgi Kokhreidze,ge GEO,MF,6,1,0.0,0.0,2021-2022,/en/players/4373e99b/Giorgi-Kokhreidze,4373e99b,Grenoble-Foot,156,1.7,1.0,0.0,107,76.0,14748,Grenoble-Foot
,Allan Tchaptchet,fr FRA,DF,2,1,0.0,0.0,2021-2022,/en/players/ab7d7882/Allan-Tchaptchet,b7d7882,Grenoble-Foot,91,1.0,0.0,0.0,107,4.0,6928,Grenoble-Foot
,Zinédine Labyad,fr FRA,MF,1,1,0.0,0.0,2021-2022,/en/players/b6d86946/Zinedine-Labyad,b6d86946,Grenoble-Foot,45,0.5,0.0,0.0,107,4.0,14749,Grenoble-Foot
,Olivier Boissy,sn SEN,FW,11,0,0.0,0.0,2021-2022,/en/players/c73de7b9/Olivier-Boissy,c73de7b9,Grenoble-Foot,168,1.9,0.0,0.0,107,34.0,14750,Grenoble-Foot
,Sofiane Belkheir,fr FRA,FW,1,0,0.0,0.0,2021-2022,/en/players/e6e189f3/Sofiane-Belkheir,6e189f3,Grenoble-Foot,19,0.2,0.0,0.0,107,4.0,14751,Grenoble-Foot
,Paul Bourdelle,fr FRA,GK,0,0,,,2021-2022,/en/players/527df52e/Paul-Bourdelle,527df52e,Grenoble-Foot,,,,,107,4.0,90526,Grenoble-Foot
,Esteban Strazzeri,fr FRA,MF,0,0,,,2021-2022,/en/players/3e17542b/Esteban-Strazzeri,3e17542b,Grenoble-Foot,,,,,107,4.0,14752,Grenoble-Foot
,Chris Vianney Goteni,cg CGO,DF,0,0,,,2021-2022,/en/players/1ca53f0a/Chris-Vianney-Goteni,1ca53f0a,Grenoble-Foot,,,,,107,80.0,14734,Grenoble-Foot
